id	EssaySet	eassay_score	essay_score	EssayText
10700000	results/prompt_txt/Prompt10_de.txt	0	0	Diagramm Frage Vorechlus Prozedur Verschluss-Farbe
10700001	results/prompt_txt/Prompt10_de.txt	0	0	Platziere Lufttemperatur Farbauswahl Frage Thermometer
10700002	results/prompt_txt/Prompt10_de.txt	0	0	Beachten Hundehiitte Thermometer Objektes Hypothese
10700003	results/prompt_txt/Prompt10_de.txt	0	0	Glas Thermometer Beschreibung Energie dunkelgrauen
10700004	results/prompt_txt/Prompt10_de.txt	0	0	Farbauswahl Tisch Weis Innentemperatur Hundehütte
10700005	results/prompt_txt/Prompt10_de.txt	0	0	Innere Berechne Hypothese Eimachgies Tisch Prozedur
10700006	results/prompt_txt/Prompt10_de.txt	0	0	Glas Schritte Vorechlus Innentemperatur Aufgabe
10700007	results/prompt_txt/Prompt10_de.txt	0	0	Hundehitte Aufgabe Senwarzer Hundehitte fiir
10700008	results/prompt_txt/Prompt10_de.txt	0	0	Weis Hundehiitte Einmachglas Schritte Prozedur
10700009	results/prompt_txt/Prompt10_de.txt	0	0	Lampe Platziere Stelle Hellgrau Innere Hundehitte
10700010	results/prompt_txt/Prompt10_de.txt	0	0	Frage Durchgange Schalte Achten hellgrauen Farben
10700011	results/prompt_txt/Prompt10_de.txt	0	0	Tisch Experiment Energie Deckels Innentemperatur
10700012	results/prompt_txt/Prompt10_de.txt	0	0	Hundehütte Hundehiitte Miss Vorechlus Eimachgies
10700013	results/prompt_txt/Prompt10_de.txt	0	0	Lufttemperatur Energie Wiederhole Anstrich fiir
10700014	results/prompt_txt/Prompt10_de.txt	0	0	Miss Aufgabe Prozedur Experiment Vorechlus Folgende
10700015	results/prompt_txt/Prompt10_de.txt	0	0	Experiment Anstrich Thermometer Farben Ergebnisse
10700016	results/prompt_txt/Prompt10_de.txt	0	0	Durchgange Durchgange Miss Lampe Schritte Eimachgies
10700017	results/prompt_txt/Prompt10_de.txt	0	0	Minuten Verschluss-Farbe Versuchsaufbau Glas
10700018	results/prompt_txt/Prompt10_de.txt	0	0	dunkelgrauen Starttemperatur Anfangstemperatur
10700019	results/prompt_txt/Prompt10_de.txt	0	0	Versuchsaufbau Eimachgies Berechne Frage Experiment
10700020	results/prompt_txt/Prompt10_de.txt	0	0	Lampe Beschreibung Starttemperatur Lufttemperaturinnerhalb
10700021	results/prompt_txt/Prompt10_de.txt	0	0	Lufttemperatur Diagramm Einmachglas Schritte
10700022	results/prompt_txt/Prompt10_de.txt	0	0	Stelle Miss Innere Durchgang Versuchsaufbau Beachten
10700023	results/prompt_txt/Prompt10_de.txt	0	0	Miss Versuchsaufbau Durchgang Hundehitte Verschluss-Farbe
10700024	results/prompt_txt/Prompt10_de.txt	0	0	Tisch Experiment Farbauswahl Lufttemperaturinnerhalb
10700025	results/prompt_txt/Prompt10_de.txt	0	0	Prozedur Anstrich Starttemperatur Farbe Achten
10700026	results/prompt_txt/Prompt10_de.txt	0	0	Aufgabe Folgende Berechne Berechne Temperatur
10700027	results/prompt_txt/Prompt10_de.txt	0	0	Starttemperatur |Deckelfarbe Einmachglas dunkelgrauen
10700028	results/prompt_txt/Prompt10_de.txt	0	0	Platziere Thermometer Hundehiitte Platziere Hundehiitte
10700029	results/prompt_txt/Prompt10_de.txt	0	0	Tisch Prozedur Platziere |Deckelfarbe Hundehitte
10700030	results/prompt_txt/Prompt10_de.txt	0	0	Lampe Tisch Experiment Versuchsaufbau Hundehitte
10700031	results/prompt_txt/Prompt10_de.txt	0	0	Farbauswahl Farbauswahl Deckels Stelle Verschluss-Farbe
10700032	results/prompt_txt/Prompt10_de.txt	0	0	Aufgabe Versuchsaufbau Lufttemperaturinnerhalb
10700033	results/prompt_txt/Prompt10_de.txt	0	0	Temperatur Farben Ergebnisse Ergebnisse Starttemperatur
10700034	results/prompt_txt/Prompt10_de.txt	0	0	Temperatur Frage Minuten Hundehütte Innere Aufgabe
10700035	results/prompt_txt/Prompt10_de.txt	0	0	Folgende Thermometer Hundehiitte Lufttemperatur
10700036	results/prompt_txt/Prompt10_de.txt	0	0	Platziere Hundehütte Starttemperatur Energie
10700037	results/prompt_txt/Prompt10_de.txt	0	0	Miss Thermometer Vorechlus Hundehütte Folgende
10700038	results/prompt_txt/Prompt10_de.txt	0	0	Tisch Achten Einmachglas Senwarzer Berechne Deckelfarbe
10700039	results/prompt_txt/Prompt10_de.txt	0	0	Hundehütte Folgende Stelle Energie Hellgrau Senwarzer
10700040	results/prompt_txt/Prompt10_de.txt	0	0	Starttemperatur dunkelgrauen Durchgange Innentemperatur
10700041	results/prompt_txt/Prompt10_de.txt	0	0	Einmachglases Wiederhole Lufttemperatur Frage
10700042	results/prompt_txt/Prompt10_de.txt	0	0	hellgrauen Beachten |Deckelfarbe Hellgrau Hellgrau
10700043	results/prompt_txt/Prompt10_de.txt	0	0	Glas Achten Miss Innere Objektes Einmachglas
10700044	results/prompt_txt/Prompt10_de.txt	0	0	Lufttemperaturinnerhalb Schritte Schalte fiir
10700045	results/prompt_txt/Prompt10_de.txt	0	0	Deckels Aufgabe Temperatur Lampe Glas Einmachglases
10700046	results/prompt_txt/Prompt10_de.txt	0	0	* Achten Hundehiitte Achten Hellgrau Aufgabe
10700047	results/prompt_txt/Prompt10_de.txt	0	0	Prozedur Schalte Miss Hundehitte Thermometer
10700048	results/prompt_txt/Prompt10_de.txt	0	0	Hundehütte Durchgang Anstrich Starttemperatur
10700049	results/prompt_txt/Prompt10_de.txt	0	0	Starttemperatur Innentemperatur Experiment hellgrauen
10700050	results/prompt_txt/Prompt10_de.txt	0	0	Versuchsaufbau hellgrauen Minuten Diagramm Tisch
10700051	results/prompt_txt/Prompt10_de.txt	0	0	Stelle Weis fiir |Deckelfarbe Aufgabe Einmachglases
10700052	results/prompt_txt/Prompt10_de.txt	0	0	hellgrauen Schritte Objektes Energie Berechne
10700053	results/prompt_txt/Prompt10_de.txt	0	0	Hypothese Deckelfarbe Prozedur Hundehütte dunkelgrauen
10700054	results/prompt_txt/Prompt10_de.txt	0	0	Farbauswahl Deckels Prozedur Wiederhole Durchgang
10700055	results/prompt_txt/Prompt10_de.txt	0	0	Eimachgies Farbauswahl Minuten Miss Daten Einmachglases
10700056	results/prompt_txt/Prompt10_de.txt	0	0	Verschluss-Farbe Hypothese Durchgange Objektes
10700057	results/prompt_txt/Prompt10_de.txt	0	0	Deckelfarbe Energie Miss Objektes Energie Deckels
10700058	results/prompt_txt/Prompt10_de.txt	0	0	Beachten Weis Tisch Starttemperatur Beschreibung
10700059	results/prompt_txt/Prompt10_de.txt	0	0	Frage Weis Energie Schritte Weis |Deckelfarbe
10700060	results/prompt_txt/Prompt10_de.txt	0	0	Lufttemperaturinnerhalb Innentemperatur Eimachgies
10700061	results/prompt_txt/Prompt10_de.txt	0	0	Beachten Lampe Farbauswahl Versuchsaufbau |Deckelfarbe
10700062	results/prompt_txt/Prompt10_de.txt	0	0	Diagramm Tisch Verschluss-Farbe Diagramm Folgende
10700063	results/prompt_txt/Prompt10_de.txt	0	0	Beschreibung Eimachgies Weis fiir Diagramm hellgrauen
10700064	results/prompt_txt/Prompt10_de.txt	0	0	Berechne Daten Wiederhole Einmachglas Hundehütte
10700065	results/prompt_txt/Prompt10_de.txt	0	0	Lampe Platziere Senwarzer Schalte |Deckelfarbe
10700066	results/prompt_txt/Prompt10_de.txt	0	0	Schritte Energie Folgende Deckels Glas hellgrauen
10700067	results/prompt_txt/Prompt10_de.txt	0	0	Durchgange Prozedur Objektes Einmachglases Hundehitte
10700068	results/prompt_txt/Prompt10_de.txt	0	0	Aufgabe Hellgrau Hellgrau Durchgang |Deckelfarbe
10700069	results/prompt_txt/Prompt10_de.txt	0	0	Beschreibung Farbe Tisch dunkelgrauen Eimachgies
10700070	results/prompt_txt/Prompt10_de.txt	0	0	Diagramm dunkelgrauen Eimachgies Lufttemperaturinnerhalb
10700071	results/prompt_txt/Prompt10_de.txt	0	0	Lampe Senwarzer Ergebnisse Einmachglas Tisch
10700072	results/prompt_txt/Prompt10_de.txt	0	0	Temperatur Ergebnisse Hypothese Glas Lufttemperaturinnerhalb
10700073	results/prompt_txt/Prompt10_de.txt	0	0	Durchgange Hundehitte Durchgange Prozedur Schalte
10700074	results/prompt_txt/Prompt10_de.txt	0	0	Wiederhole Lufttemperatur |Deckelfarbe Einmachglas
10700075	results/prompt_txt/Prompt10_de.txt	0	0	fiir Farben Prozedur hellgrauen Minuten Verschluss-Farbe
10700076	results/prompt_txt/Prompt10_de.txt	0	0	Starttemperatur Deckels Vorechlus Frage Innentemperatur
10700077	results/prompt_txt/Prompt10_de.txt	0	0	Weis Glas Hundehiitte Lufttemperatur Anfangstemperatur
10700078	results/prompt_txt/Prompt10_de.txt	0	0	Versuchsaufbau Tisch Lufttemperaturinnerhalb
10700079	results/prompt_txt/Prompt10_de.txt	0	0	Farbe Weis Durchgange Anfangstemperatur Wiederhole
10700080	results/prompt_txt/Prompt10_de.txt	0	0	Einmachglas Ergebnisse Senwarzer Folgende Anstrich
10700081	results/prompt_txt/Prompt10_de.txt	0	0	Hellgrau Schritte Aufgabe Versuchsaufbau Temperatur
10700082	results/prompt_txt/Prompt10_de.txt	0	0	Aufgabe Innere Deckels Temperatur Durchgange
10700083	results/prompt_txt/Prompt10_de.txt	0	0	Ergebnisse Deckels Farbe hellgrauen Lampe Stelle
10700084	results/prompt_txt/Prompt10_de.txt	0	0	Temperatur Hellgrau Schalte Eimachgies Berechne
10700085	results/prompt_txt/Prompt10_de.txt	0	0	Senwarzer Innere Beschreibung Vorechlus Energie
10700086	results/prompt_txt/Prompt10_de.txt	0	0	Stelle Ergebnisse Temperatur Anfangstemperatur
10700087	results/prompt_txt/Prompt10_de.txt	0	0	Ergebnisse Platziere Achten Farbauswahl Experiment
10700088	results/prompt_txt/Prompt10_de.txt	0	0	Objektes Diagramm Durchgange Lufttemperaturinnerhalb
10700089	results/prompt_txt/Prompt10_de.txt	0	0	Beachten Schritte Beachten Platziere Eimachgies
10700090	results/prompt_txt/Prompt10_de.txt	0	0	Hundehiitte Versuchsaufbau Schalte Hundehütte
10700091	results/prompt_txt/Prompt10_de.txt	0	0	Vorechlus Deckelfarbe Durchgang Hypothese Farbe
10700092	results/prompt_txt/Prompt10_de.txt	0	0	Beschreibung Energie Deckelfarbe Hundehitte Energie
10700093	results/prompt_txt/Prompt10_de.txt	0	0	Minuten Innentemperatur Farbe Ergebnisse Farbauswahl
10700094	results/prompt_txt/Prompt10_de.txt	0	0	Anfangstemperatur Durchgange Farbauswahl Ergebnisse
10700095	results/prompt_txt/Prompt10_de.txt	0	0	Stelle Achten Farben Starttemperatur Innentemperatur
10700096	results/prompt_txt/Prompt10_de.txt	0	0	Schritte Farbauswahl Lufttemperatur Durchgang
10700097	results/prompt_txt/Prompt10_de.txt	0	0	* Innere Deckelfarbe Anstrich Achten Achten Versuchsaufbau
10700098	results/prompt_txt/Prompt10_de.txt	0	0	Starttemperatur Achten Minuten Versuchsaufbau
10700099	results/prompt_txt/Prompt10_de.txt	0	0	* Stelle Hellgrau dunkelgrauen Deckels Einmachglas
10700100	results/prompt_txt/Prompt10_de.txt	0	0	Einmachglases Beachten Tisch Farben Tisch Folgende
10700101	results/prompt_txt/Prompt10_de.txt	0	0	fiir Deckels Energie Weis Hundehütte Glas Miss
10700102	results/prompt_txt/Prompt10_de.txt	0	0	Deckels Energie Anfangstemperatur Deckelfarbe
10700103	results/prompt_txt/Prompt10_de.txt	0	0	Achten |Deckelfarbe Objektes Einmachglas Glas
10700104	results/prompt_txt/Prompt10_de.txt	0	0	Weis Verschluss-Farbe Innentemperatur Berechne
10700105	results/prompt_txt/Prompt10_de.txt	0	0	Senwarzer Innentemperatur Hellgrau Anstrich Experiment
10700106	results/prompt_txt/Prompt10_de.txt	0	0	Stelle Anstrich Deckelfarbe Versuchsaufbau Prozedur
10700107	results/prompt_txt/Prompt10_de.txt	0	0	Anstrich Beschreibung Wiederhole Farben Miss
10700108	results/prompt_txt/Prompt10_de.txt	0	0	Ergebnisse Hundehiitte fiir hellgrauen Wiederhole
10700109	results/prompt_txt/Prompt10_de.txt	0	0	Platziere fiir Deckels Vorechlus Innere Hypothese
10700110	results/prompt_txt/Prompt10_de.txt	0	0	Berechne Miss Deckelfarbe Objektes Temperatur
10700111	results/prompt_txt/Prompt10_de.txt	0	0	Senwarzer Hundehütte Stelle Stelle Hundehütte
10700112	results/prompt_txt/Prompt10_de.txt	0	0	Daten Hypothese Frage |Deckelfarbe Innentemperatur
10700113	results/prompt_txt/Prompt10_de.txt	0	0	Aufgabe Energie Eimachgies Hundehitte Frage Eimachgies
10700114	results/prompt_txt/Prompt10_de.txt	0	0	Hellgrau Lufttemperatur Innentemperatur |Deckelfarbe
10700115	results/prompt_txt/Prompt10_de.txt	0	0	Glas Aufgabe Wiederhole Vorechlus Farbauswahl
10700116	results/prompt_txt/Prompt10_de.txt	0	0	Weis Farben Schalte Deckels Minuten Aufgabe Innentemperatur
10700117	results/prompt_txt/Prompt10_de.txt	0	0	Hypothese Stelle Experiment Hypothese Miss Berechne
10700118	results/prompt_txt/Prompt10_de.txt	0	0	Weis Glas Hellgrau Innentemperatur Experiment
10700119	results/prompt_txt/Prompt10_de.txt	0	0	Versuchsaufbau Durchgange dunkelgrauen Temperatur
10700120	results/prompt_txt/Prompt10_de.txt	0	0	Versuchsaufbau fiir Durchgang Weis Frage Beschreibung
10700121	results/prompt_txt/Prompt10_de.txt	0	0	Einmachglas Eimachgies Vorechlus Ergebnisse Hellgrau
10700122	results/prompt_txt/Prompt10_de.txt	0	0	Durchgange fiir Lufttemperaturinnerhalb Beachten
10700123	results/prompt_txt/Prompt10_de.txt	0	0	Berechne Folgende Schritte Anstrich Weis Miss
10700124	results/prompt_txt/Prompt10_de.txt	0	0	Farbauswahl Schalte Anfangstemperatur Lampe Daten
10700125	results/prompt_txt/Prompt10_de.txt	0	0	Farbe Hundehütte Schritte Einmachglases Deckels
10700126	results/prompt_txt/Prompt10_de.txt	0	0	Durchgange Stelle Hundehiitte Senwarzer Hundehiitte
10700127	results/prompt_txt/Prompt10_de.txt	0	0	Achten Frage Daten Frage Einmachglas Frage Beschreibung
10700128	results/prompt_txt/Prompt10_de.txt	0	0	Versuchsaufbau Hundehütte Durchgang Daten Beschreibung
10700129	results/prompt_txt/Prompt10_de.txt	0	0	Objektes Aufgabe Deckelfarbe Versuchsaufbau Schritte
10700130	results/prompt_txt/Prompt10_de.txt	0	0	Farbe Schritte Innentemperatur Deckelfarbe Prozedur
10700131	results/prompt_txt/Prompt10_de.txt	0	0	fiir Temperatur Deckelfarbe Durchgange Vorechlus
10700132	results/prompt_txt/Prompt10_de.txt	0	0	Temperatur Farben Einmachglas Temperatur Diagramm
10700133	results/prompt_txt/Prompt10_de.txt	0	0	Weis |Deckelfarbe Prozedur Verschluss-Farbe Thermometer
10700134	results/prompt_txt/Prompt10_de.txt	0	0	Vorechlus Ergebnisse Innentemperatur Objektes
10700135	results/prompt_txt/Prompt10_de.txt	0	0	Platziere Deckels Beachten Hundehütte Miss Experiment
10700136	results/prompt_txt/Prompt10_de.txt	0	0	|Deckelfarbe Beschreibung Innentemperatur Hundehütte
10700137	results/prompt_txt/Prompt10_de.txt	0	0	Hundehütte Energie Einmachglas Senwarzer Thermometer
10700138	results/prompt_txt/Prompt10_de.txt	0	0	Farbauswahl Hundehitte Starttemperatur Frage
10700139	results/prompt_txt/Prompt10_de.txt	0	0	Platziere Glas Innere Innentemperatur Minuten
10700140	results/prompt_txt/Prompt10_de.txt	0	0	Durchgang Berechne Energie Temperatur Schritte
10700141	results/prompt_txt/Prompt10_de.txt	0	0	Beschreibung Energie Hundehiitte |Deckelfarbe
10700142	results/prompt_txt/Prompt10_de.txt	0	0	|Deckelfarbe Achten Anfangstemperatur Einmachglas
10700143	results/prompt_txt/Prompt10_de.txt	0	0	Innentemperatur Verschluss-Farbe Berechne Beachten
10700144	results/prompt_txt/Prompt10_de.txt	0	0	Berechne Minuten Deckelfarbe Ergebnisse Hundehiitte
10700145	results/prompt_txt/Prompt10_de.txt	0	0	Miss Temperatur Hundehiitte Berechne Aufgabe
10700146	results/prompt_txt/Prompt10_de.txt	0	0	Ergebnisse Hypothese Einmachglas Frage Innere
10700147	results/prompt_txt/Prompt10_de.txt	0	0	Minuten Innere Energie Ergebnisse Daten Minuten
10700148	results/prompt_txt/Prompt10_de.txt	0	0	Innere Durchgang Einmachglas Experiment Tisch
10700149	results/prompt_txt/Prompt10_de.txt	0	0	Hundehitte Berechne Ergebnisse Farbe Hundehütte
10700150	results/prompt_txt/Prompt10_de.txt	0	0	Objektes Anstrich Lampe Farbauswahl Frage Lampe
10700151	results/prompt_txt/Prompt10_de.txt	0	0	Energie Lufttemperaturinnerhalb hellgrauen Farbe
10700152	results/prompt_txt/Prompt10_de.txt	0	0	Prozedur Beachten Deckels Durchgange Lampe Stelle
10700153	results/prompt_txt/Prompt10_de.txt	0	0	Deckels Beschreibung Farben Einmachglases Innentemperatur
10700154	results/prompt_txt/Prompt10_de.txt	0	0	Frage Berechne Miss Miss Eimachgies Lufttemperaturinnerhalb
10700155	results/prompt_txt/Prompt10_de.txt	0	0	Hundehütte Beachten Versuchsaufbau Hellgrau Hundehitte
10700156	results/prompt_txt/Prompt10_de.txt	0	0	Deckels Miss Schritte Deckelfarbe Anstrich Deckelfarbe
10700157	results/prompt_txt/Prompt10_de.txt	0	0	Innere dunkelgrauen Hellgrau Temperatur Experiment
10700158	results/prompt_txt/Prompt10_de.txt	0	0	Deckels Einmachglases Deckelfarbe Diagramm Thermometer
10700159	results/prompt_txt/Prompt10_de.txt	0	0	Innentemperatur hellgrauen Deckels Hellgrau Deckels
10700160	results/prompt_txt/Prompt10_de.txt	0	0	Deckelfarbe Vorechlus Farbe Hellgrau Glas Durchgange
10700161	results/prompt_txt/Prompt10_de.txt	0	0	Lufttemperaturinnerhalb Senwarzer Hundehitte
10700162	results/prompt_txt/Prompt10_de.txt	0	0	Temperatur Miss Prozedur Deckels |Deckelfarbe
10700163	results/prompt_txt/Prompt10_de.txt	0	0	Schritte Farbauswahl Innere Achten Eimachgies
10700164	results/prompt_txt/Prompt10_de.txt	0	0	Achten Energie Verschluss-Farbe Weis |Deckelfarbe
10700165	results/prompt_txt/Prompt10_de.txt	0	0	Hellgrau Beachten Hundehütte Einmachglas Hypothese
10700166	results/prompt_txt/Prompt10_de.txt	0	0	Lufttemperatur Deckelfarbe Farbe Objektes Glas
10700167	results/prompt_txt/Prompt10_de.txt	0	0	Einmachglas Hundehütte Schalte Starttemperatur
10700168	results/prompt_txt/Prompt10_de.txt	0	0	dunkelgrauen Starttemperatur Versuchsaufbau fiir
10700169	results/prompt_txt/Prompt10_de.txt	0	0	Berechne dunkelgrauen Hundehiitte Farbe Schalte
10700170	results/prompt_txt/Prompt10_de.txt	0	0	Diagramm Durchgange Prozedur fiir Starttemperatur
10700171	results/prompt_txt/Prompt10_de.txt	0	0	Einmachglases Anstrich Innentemperatur Glas Miss
10700172	results/prompt_txt/Prompt10_de.txt	0	0	Hundehitte fiir Anfangstemperatur Hundehiitte
10700173	results/prompt_txt/Prompt10_de.txt	0	0	Experiment Lufttemperaturinnerhalb Energie Diagramm
10700174	results/prompt_txt/Prompt10_de.txt	0	0	Frage Hundehütte Weis Beachten Temperatur Senwarzer
10700175	results/prompt_txt/Prompt10_de.txt	0	0	Prozedur Eimachgies Achten Lufttemperatur Starttemperatur
10700176	results/prompt_txt/Prompt10_de.txt	0	0	Tisch Minuten Farben Hypothese Diagramm Stelle
10700177	results/prompt_txt/Prompt10_de.txt	0	0	Diagramm Starttemperatur Ergebnisse Eimachgies
10700178	results/prompt_txt/Prompt10_de.txt	0	0	Starttemperatur Anstrich Tisch Hundehitte Minuten
10700179	results/prompt_txt/Prompt10_de.txt	0	0	|Deckelfarbe |Deckelfarbe Hypothese Starttemperatur
10700180	results/prompt_txt/Prompt10_de.txt	0	0	Versuchsaufbau Deckelfarbe Energie Beschreibung
10700181	results/prompt_txt/Prompt10_de.txt	0	0	Starttemperatur hellgrauen hellgrauen Lampe dunkelgrauen
10700182	results/prompt_txt/Prompt10_de.txt	0	0	Tisch Folgende Energie Weis Lufttemperatur Versuchsaufbau
10700183	results/prompt_txt/Prompt10_de.txt	0	0	fiir Temperatur Hundehitte Stelle Einmachglases
10700184	results/prompt_txt/Prompt10_de.txt	0	0	Beschreibung Farbe Temperatur Prozedur Daten
10700185	results/prompt_txt/Prompt10_de.txt	0	0	Senwarzer Anstrich Versuchsaufbau Hundehütte
10700186	results/prompt_txt/Prompt10_de.txt	0	0	Frage Einmachglases Durchgang Schalte Prozedur
10700187	results/prompt_txt/Prompt10_de.txt	0	0	Schalte Starttemperatur Einmachglas Schritte
10700188	results/prompt_txt/Prompt10_de.txt	0	0	Hundehütte Starttemperatur Beachten Objektes
10700189	results/prompt_txt/Prompt10_de.txt	0	0	Starttemperatur Senwarzer Eimachgies Anstrich
10700190	results/prompt_txt/Prompt10_de.txt	0	0	Experiment Durchgange Innere Hundehitte Diagramm
10700191	results/prompt_txt/Prompt10_de.txt	0	0	Innere Deckelfarbe Beschreibung Verschluss-Farbe
10700192	results/prompt_txt/Prompt10_de.txt	0	0	Glas Minuten Farben Weis Lufttemperatur Stelle
10700193	results/prompt_txt/Prompt10_de.txt	0	0	Stelle Verschluss-Farbe Farbe Minuten Aufgabe
10700194	results/prompt_txt/Prompt10_de.txt	0	0	Hypothese Temperatur fiir Versuchsaufbau Platziere
10700195	results/prompt_txt/Prompt10_de.txt	0	0	Weis Hundehitte Lufttemperatur Durchgange Anfangstemperatur
10700196	results/prompt_txt/Prompt10_de.txt	0	0	Hundehütte Einmachglases Folgende Stelle Innere
10700197	results/prompt_txt/Prompt10_de.txt	0	0	Prozedur Starttemperatur Frage Farben Experiment
10700198	results/prompt_txt/Prompt10_de.txt	0	0	Deckelfarbe Anstrich Innentemperatur Schalte
10700199	results/prompt_txt/Prompt10_de.txt	0	0	Eimachgies Miss Schalte Hundehitte Starttemperatur
10700200	results/prompt_txt/Prompt10_de.txt	0	0	Versuchsaufbau Schritte Tisch Wiederhole Aufgabe
10700201	results/prompt_txt/Prompt10_de.txt	0	0	Experiment Diagramm Beachten Miss Folgende Hellgrau
10700202	results/prompt_txt/Prompt10_de.txt	0	0	|Deckelfarbe Farbauswahl Ergebnisse Hundehitte
10700203	results/prompt_txt/Prompt10_de.txt	0	0	Lampe Aufgabe Platziere Stelle Stelle Eimachgies
10700204	results/prompt_txt/Prompt10_de.txt	0	0	fiir Hundehiitte Beschreibung Eimachgies Deckels
10700205	results/prompt_txt/Prompt10_de.txt	0	0	Hellgrau Frage Hundehitte Vorechlus Platziere
10700206	results/prompt_txt/Prompt10_de.txt	0	0	Lampe Frage Achten Hundehütte Hellgrau Hypothese
10700207	results/prompt_txt/Prompt10_de.txt	0	0	Farben Hundehiitte Deckelfarbe Eimachgies Innentemperatur
10700208	results/prompt_txt/Prompt10_de.txt	0	0	Innentemperatur Minuten Berechne Aufgabe Farbe
10700209	results/prompt_txt/Prompt10_de.txt	0	0	Lufttemperaturinnerhalb Energie Schritte Innere
10700210	results/prompt_txt/Prompt10_de.txt	0	0	Platziere fiir Lufttemperatur Aufgabe Folgende
10700211	results/prompt_txt/Prompt10_de.txt	0	0	dunkelgrauen Eimachgies Innentemperatur Glas
10700212	results/prompt_txt/Prompt10_de.txt	0	0	Tisch Hellgrau |Deckelfarbe Hypothese Farben
10700213	results/prompt_txt/Prompt10_de.txt	0	0	Beachten hellgrauen Aufgabe Objektes Hundehitte
10700214	results/prompt_txt/Prompt10_de.txt	0	0	Vorechlus Temperatur Prozedur Einmachglas Schritte
10700215	results/prompt_txt/Prompt10_de.txt	0	0	Hundehitte Innere Hundehütte Deckelfarbe Beschreibung
10700216	results/prompt_txt/Prompt10_de.txt	0	0	Achten Diagramm Einmachglases Vorechlus Lufttemperatur
10700217	results/prompt_txt/Prompt10_de.txt	0	0	hellgrauen Energie Vorechlus Farbe Hundehütte
10700218	results/prompt_txt/Prompt10_de.txt	0	0	Durchgang Senwarzer Berechne Frage Starttemperatur
10700219	results/prompt_txt/Prompt10_de.txt	0	0	|Deckelfarbe Lufttemperaturinnerhalb Temperatur
10700220	results/prompt_txt/Prompt10_de.txt	0	0	Hundehitte Prozedur Thermometer Einmachglas Glas
10700221	results/prompt_txt/Prompt10_de.txt	0	0	Daten Daten Daten Experiment Folgende fiir Tisch
10700222	results/prompt_txt/Prompt10_de.txt	0	0	Minuten |Deckelfarbe Energie Folgende Frage Weis
10700223	results/prompt_txt/Prompt10_de.txt	0	0	* Beachten Stelle Versuchsaufbau Eimachgies Durchgange
10700224	results/prompt_txt/Prompt10_de.txt	0	0	Stelle hellgrauen Minuten Stelle Stelle Deckels
10700225	results/prompt_txt/Prompt10_de.txt	0	0	Einmachglases Farben Lampe hellgrauen Beachten
10700226	results/prompt_txt/Prompt10_de.txt	0	0	Schritte Hundehiitte Thermometer Einmachglases
10700227	results/prompt_txt/Prompt10_de.txt	0	0	Farbe Lufttemperaturinnerhalb Platziere Schritte
10700228	results/prompt_txt/Prompt10_de.txt	0	0	Tisch Folgende Schritte fiir Ergebnisse Glas
10700229	results/prompt_txt/Prompt10_de.txt	0	0	Farbe Aufgabe Schalte Deckelfarbe Diagramm Ergebnisse
10700230	results/prompt_txt/Prompt10_de.txt	0	0	Glas Diagramm Hundehütte Lufttemperaturinnerhalb
10700231	results/prompt_txt/Prompt10_de.txt	0	0	Diagramm Lampe Schritte Aufgabe Experiment Hundehütte
10700232	results/prompt_txt/Prompt10_de.txt	0	0	Temperatur Farbauswahl Versuchsaufbau Wiederhole
10700233	results/prompt_txt/Prompt10_de.txt	0	0	Innere hellgrauen Vorechlus Farben Einmachglas
10700234	results/prompt_txt/Prompt10_de.txt	0	0	Miss Vorechlus fiir Berechne Wiederhole Vorechlus
10700235	results/prompt_txt/Prompt10_de.txt	0	0	Prozedur Hellgrau Miss Platziere Wiederhole Farbauswahl
10700236	results/prompt_txt/Prompt10_de.txt	0	0	Anfangstemperatur Senwarzer Experiment Senwarzer
10700237	results/prompt_txt/Prompt10_de.txt	0	0	Farbe Senwarzer Wiederhole Versuchsaufbau Farbauswahl
10700238	results/prompt_txt/Prompt10_de.txt	0	0	Lampe Frage Prozedur Prozedur Thermometer Versuchsaufbau
10700239	results/prompt_txt/Prompt10_de.txt	0	0	Miss |Deckelfarbe hellgrauen Objektes Deckelfarbe
10700240	results/prompt_txt/Prompt10_de.txt	0	0	Lufttemperatur Einmachglases Anstrich Innere
10700241	results/prompt_txt/Prompt10_de.txt	0	0	* Durchgange Innere Innentemperatur Folgende
10700242	results/prompt_txt/Prompt10_de.txt	0	0	Senwarzer Tisch Ergebnisse Durchgang fiir Lufttemperatur
10700243	results/prompt_txt/Prompt10_de.txt	0	0	hellgrauen Vorechlus Lufttemperatur Lufttemperaturinnerhalb
10700244	results/prompt_txt/Prompt10_de.txt	0	0	Minuten fiir Versuchsaufbau Tisch Farben Energie
10700245	results/prompt_txt/Prompt10_de.txt	0	0	Einmachglas Deckelfarbe Hundehiitte Minuten Starttemperatur
10700246	results/prompt_txt/Prompt10_de.txt	0	0	Wiederhole Frage Frage Durchgange Experiment
10700247	results/prompt_txt/Prompt10_de.txt	0	0	Achten Objektes fiir Temperatur Eimachgies Energie
10700248	results/prompt_txt/Prompt10_de.txt	0	0	Beachten Hundehütte Durchgange Einmachglas Ergebnisse
10700249	results/prompt_txt/Prompt10_de.txt	0	0	Diagramm Daten Platziere Anfangstemperatur Prozedur
10700250	results/prompt_txt/Prompt10_de.txt	0	0	Weis Deckelfarbe Hellgrau Schritte Eimachgies
10700251	results/prompt_txt/Prompt10_de.txt	0	0	fiir Frage Lampe Vorechlus Durchgang Tisch Berechne
10700252	results/prompt_txt/Prompt10_de.txt	0	0	Weis Hundehiitte Diagramm Weis Energie Ergebnisse
10700253	results/prompt_txt/Prompt10_de.txt	0	0	Lufttemperatur Einmachglases Beachten Hundehitte
10700254	results/prompt_txt/Prompt10_de.txt	0	0	Berechne Hellgrau Durchgange Minuten Stelle Frage
10700255	results/prompt_txt/Prompt10_de.txt	0	0	Versuchsaufbau Innere Deckels Innere dunkelgrauen
10700256	results/prompt_txt/Prompt10_de.txt	0	0	Glas Eimachgies Innere Wiederhole Wiederhole
10700257	results/prompt_txt/Prompt10_de.txt	0	0	Vorechlus Schalte Achten Hypothese fiir |Deckelfarbe
10700258	results/prompt_txt/Prompt10_de.txt	0	0	Deckels Vorechlus Deckels Innere Deckels Miss
10700259	results/prompt_txt/Prompt10_de.txt	0	0	Beschreibung Hundehütte Glas |Deckelfarbe Diagramm
10700260	results/prompt_txt/Prompt10_de.txt	0	0	Lufttemperaturinnerhalb Versuchsaufbau Hypothese
10700261	results/prompt_txt/Prompt10_de.txt	0	0	Experiment Einmachglas Eimachgies Diagramm Durchgang
10700262	results/prompt_txt/Prompt10_de.txt	0	0	Objektes Eimachgies Energie Frage Thermometer
10700263	results/prompt_txt/Prompt10_de.txt	0	0	Farbauswahl Frage Energie Starttemperatur Folgende
10700264	results/prompt_txt/Prompt10_de.txt	0	0	Weis Experiment Versuchsaufbau Hellgrau Innere
10700265	results/prompt_txt/Prompt10_de.txt	0	0	Aufgabe fiir Hypothese Hundehiitte Einmachglas
10700266	results/prompt_txt/Prompt10_de.txt	0	0	Versuchsaufbau Folgende Beachten Frage Lufttemperaturinnerhalb
10700267	results/prompt_txt/Prompt10_de.txt	0	0	Verschluss-Farbe Aufgabe Tisch Berechne Lampe
10700268	results/prompt_txt/Prompt10_de.txt	0	0	Beachten Beachten Diagramm Vorechlus Objektes
10700269	results/prompt_txt/Prompt10_de.txt	0	0	Farbe Achten Tisch Vorechlus Beschreibung Starttemperatur
10700270	results/prompt_txt/Prompt10_de.txt	0	0	Objektes Aufgabe Platziere Durchgange Versuchsaufbau
10700271	results/prompt_txt/Prompt10_de.txt	0	0	Stelle Eimachgies Aufgabe Versuchsaufbau Ergebnisse
10700272	results/prompt_txt/Prompt10_de.txt	0	0	dunkelgrauen dunkelgrauen Senwarzer Folgende
10700273	results/prompt_txt/Prompt10_de.txt	0	0	|Deckelfarbe Tisch Daten Glas Tisch Ergebnisse
10700274	results/prompt_txt/Prompt10_de.txt	0	0	fiir Hellgrau Lufttemperatur Achten Wiederhole
10700275	results/prompt_txt/Prompt10_de.txt	0	0	Hundehitte Verschluss-Farbe Thermometer Durchgange
10700276	results/prompt_txt/Prompt10_de.txt	0	0	dunkelgrauen Anstrich Einmachglases Experiment
10700277	results/prompt_txt/Prompt10_de.txt	0	0	Eimachgies Farbe Hundehiitte Glas Miss Schalte
10700278	results/prompt_txt/Prompt10_de.txt	0	0	Ergebnisse Schalte Achten Folgende Deckels Diagramm
10700279	results/prompt_txt/Prompt10_de.txt	0	0	Vorechlus Farbe Beschreibung Schritte Daten Schalte
10700280	results/prompt_txt/Prompt10_de.txt	0	0	Anstrich Thermometer Senwarzer Berechne Minuten
10700281	results/prompt_txt/Prompt10_de.txt	0	0	Einmachglas Einmachglases Hundehitte Schalte
10700282	results/prompt_txt/Prompt10_de.txt	0	0	hellgrauen Thermometer Einmachglases Farben Einmachglases
10700283	results/prompt_txt/Prompt10_de.txt	0	0	Lufttemperaturinnerhalb Temperatur Hundehitte
10700284	results/prompt_txt/Prompt10_de.txt	0	0	Lufttemperatur Schalte Deckels Lufttemperaturinnerhalb
10700285	results/prompt_txt/Prompt10_de.txt	0	0	Achten Hellgrau Innere Innere Frage Berechne
10700286	results/prompt_txt/Prompt10_de.txt	0	0	Beachten Ergebnisse Verschluss-Farbe Achten Farben
10700287	results/prompt_txt/Prompt10_de.txt	0	0	Hundehitte Hellgrau Beschreibung Daten Hundehütte
10700288	results/prompt_txt/Prompt10_de.txt	0	0	Hypothese Minuten Farbe Folgende Hundehiitte
10700289	results/prompt_txt/Prompt10_de.txt	0	0	Hundehiitte Einmachglases Hellgrau Schritte Diagramm
10700290	results/prompt_txt/Prompt10_de.txt	0	0	Prozedur Beachten Lufttemperaturinnerhalb Energie
10700291	results/prompt_txt/Prompt10_de.txt	0	0	Vorechlus Einmachglas Lufttemperatur Hundehütte
10700292	results/prompt_txt/Prompt10_de.txt	0	0	Beschreibung Durchgange Eimachgies hellgrauen
10700293	results/prompt_txt/Prompt10_de.txt	0	0	Schritte Lufttemperaturinnerhalb Miss Ergebnisse
10700294	results/prompt_txt/Prompt10_de.txt	0	0	* Deckels Deckels Durchgange Weis Energie Deckelfarbe
10700295	results/prompt_txt/Prompt10_de.txt	0	0	Durchgang Stelle Vorechlus Platziere Lampe Starttemperatur
10700296	results/prompt_txt/Prompt10_de.txt	0	0	Lampe Anfangstemperatur Temperatur Anstrich Glas
10700297	results/prompt_txt/Prompt10_de.txt	0	0	Experiment Senwarzer Hypothese |Deckelfarbe Experiment
10700298	results/prompt_txt/Prompt10_de.txt	0	0	Objektes Glas |Deckelfarbe Diagramm Glas Hundehitte
10700299	results/prompt_txt/Prompt10_de.txt	0	0	Anstrich Wiederhole Versuchsaufbau Farben |Deckelfarbe
10700300	results/prompt_txt/Prompt10_de.txt	0	0	Hundehütte Anstrich Einmachglases Energie Ergebnisse
10700301	results/prompt_txt/Prompt10_de.txt	0	0	Farbauswahl Berechne Tisch Starttemperatur Schritte
10700302	results/prompt_txt/Prompt10_de.txt	0	0	Folgende Anstrich Lufttemperatur Experiment Experiment
10700303	results/prompt_txt/Prompt10_de.txt	0	0	Hundehiitte Anstrich Anstrich Lufttemperaturinnerhalb
10700304	results/prompt_txt/Prompt10_de.txt	0	0	Achten Hellgrau Glas Schritte Hundehütte Hypothese
10700305	results/prompt_txt/Prompt10_de.txt	0	0	Aufgabe Weis Beachten Energie Energie Prozedur
10700306	results/prompt_txt/Prompt10_de.txt	0	0	Miss Lampe Wiederhole Lufttemperaturinnerhalb
10700307	results/prompt_txt/Prompt10_de.txt	0	0	Hypothese Farbe Minuten Einmachglases |Deckelfarbe
10700308	results/prompt_txt/Prompt10_de.txt	0	0	fiir fiir Schritte Deckels Berechne Prozedur
10700309	results/prompt_txt/Prompt10_de.txt	0	0	Verschluss-Farbe Senwarzer Verschluss-Farbe Deckels
10700310	results/prompt_txt/Prompt10_de.txt	0	0	Eimachgies Daten dunkelgrauen Starttemperatur
10700311	results/prompt_txt/Prompt10_de.txt	0	0	* Prozedur Einmachglas Aufgabe Versuchsaufbau
10700312	results/prompt_txt/Prompt10_de.txt	0	0	dunkelgrauen Versuchsaufbau hellgrauen Folgende
10700313	results/prompt_txt/Prompt10_de.txt	0	0	Daten Minuten Frage Thermometer Lampe |Deckelfarbe
10700314	results/prompt_txt/Prompt10_de.txt	0	0	Ergebnisse Ergebnisse Einmachglas Miss Experiment
10700315	results/prompt_txt/Prompt10_de.txt	0	0	Objektes Thermometer Starttemperatur Minuten
10700316	results/prompt_txt/Prompt10_de.txt	0	0	Weis Wiederhole Schritte Aufgabe Lampe Eimachgies
10700317	results/prompt_txt/Prompt10_de.txt	0	0	Vorechlus Farben Farben Anstrich Stelle Frage
10700318	results/prompt_txt/Prompt10_de.txt	0	0	Versuchsaufbau Versuchsaufbau Farben Verschluss-Farbe
10700319	results/prompt_txt/Prompt10_de.txt	0	0	Einmachglas Energie Hypothese Beachten Hundehitte
10700320	results/prompt_txt/Prompt10_de.txt	0	0	Farben Achten Tisch Schritte Eimachgies Beschreibung
10700321	results/prompt_txt/Prompt10_de.txt	0	0	Einmachglas Hundehütte Wiederhole Platziere Deckelfarbe
10700322	results/prompt_txt/Prompt10_de.txt	0	0	Folgende Schritte Hundehiitte Farbauswahl Beschreibung
10700323	results/prompt_txt/Prompt10_de.txt	0	0	Minuten Hundehiitte hellgrauen Durchgange Hundehütte
10700324	results/prompt_txt/Prompt10_de.txt	0	0	Wiederhole Aufgabe Vorechlus hellgrauen Hypothese
10700325	results/prompt_txt/Prompt10_de.txt	0	0	fiir Hundehitte Berechne Miss Schritte Beschreibung
10700326	results/prompt_txt/Prompt10_de.txt	0	0	Wiederhole Anfangstemperatur Versuchsaufbau Hundehiitte
10700327	results/prompt_txt/Prompt10_de.txt	0	0	Hypothese Energie Wiederhole Hundehütte Frage
10700328	results/prompt_txt/Prompt10_de.txt	0	0	Senwarzer Daten Einmachglas Objektes Deckels
10700329	results/prompt_txt/Prompt10_de.txt	0	0	Thermometer Tisch Hundehütte Durchgange hellgrauen
10700330	results/prompt_txt/Prompt10_de.txt	0	0	Vorechlus Lampe Thermometer Frage Objektes Farbauswahl
10700331	results/prompt_txt/Prompt10_de.txt	0	0	Thermometer Frage Thermometer Temperatur dunkelgrauen
10700332	results/prompt_txt/Prompt10_de.txt	0	0	Lufttemperatur Versuchsaufbau Miss Platziere
10700333	results/prompt_txt/Prompt10_de.txt	0	0	Experiment Folgende Achten Hundehiitte Deckelfarbe
10700334	results/prompt_txt/Prompt10_de.txt	0	0	Beachten Folgende Berechne Prozedur Innentemperatur
10700335	results/prompt_txt/Prompt10_de.txt	0	0	Hypothese Durchgang Thermometer Prozedur Verschluss-Farbe
10700336	results/prompt_txt/Prompt10_de.txt	0	0	Farbe Hundehitte Farbe Durchgang Minuten Innentemperatur
10700337	results/prompt_txt/Prompt10_de.txt	0	0	Anfangstemperatur Beschreibung fiir Deckelfarbe
10700338	results/prompt_txt/Prompt10_de.txt	0	0	Thermometer Weis Deckelfarbe Beschreibung Einmachglas
10700339	results/prompt_txt/Prompt10_de.txt	0	0	Thermometer Lufttemperaturinnerhalb Farbe Hundehiitte
10700340	results/prompt_txt/Prompt10_de.txt	0	0	Objektes Hellgrau Platziere dunkelgrauen |Deckelfarbe
10700341	results/prompt_txt/Prompt10_de.txt	0	0	Hellgrau Thermometer Versuchsaufbau Innere Platziere
10700342	results/prompt_txt/Prompt10_de.txt	0	0	Deckelfarbe Lufttemperaturinnerhalb Berechne
10700343	results/prompt_txt/Prompt10_de.txt	0	0	Tisch Minuten Weis Verschluss-Farbe Anfangstemperatur
10700344	results/prompt_txt/Prompt10_de.txt	0	0	Anfangstemperatur Innentemperatur Verschluss-Farbe
10700345	results/prompt_txt/Prompt10_de.txt	0	0	Ergebnisse Starttemperatur Starttemperatur Beachten
10700346	results/prompt_txt/Prompt10_de.txt	0	0	Prozedur Folgende Glas Innere Hundehiitte Glas
10700347	results/prompt_txt/Prompt10_de.txt	0	0	Stelle Starttemperatur Daten Hellgrau Innentemperatur
10700348	results/prompt_txt/Prompt10_de.txt	0	0	Einmachglases Starttemperatur Tisch Hundehütte
10700349	results/prompt_txt/Prompt10_de.txt	0	0	Farbauswahl |Deckelfarbe Hundehiitte Vorechlus
10700350	results/prompt_txt/Prompt10_de.txt	0	0	Diagramm Berechne Weis Tisch Anstrich Verschluss-Farbe
10700351	results/prompt_txt/Prompt10_de.txt	0	0	Frage Miss Farbe Beachten Aufgabe Lufttemperaturinnerhalb
10700352	results/prompt_txt/Prompt10_de.txt	0	0	Verschluss-Farbe Platziere Hellgrau Anfangstemperatur
10700353	results/prompt_txt/Prompt10_de.txt	0	0	Deckels Farbauswahl Daten Platziere Tisch Energie
10700354	results/prompt_txt/Prompt10_de.txt	0	0	Innentemperatur Miss Daten Innentemperatur |Deckelfarbe
10700355	results/prompt_txt/Prompt10_de.txt	0	0	Platziere Anfangstemperatur Durchgange Folgende
10700356	results/prompt_txt/Prompt10_de.txt	0	0	Anfangstemperatur Weis Vorechlus Wiederhole Farbe
10700357	results/prompt_txt/Prompt10_de.txt	0	0	Farben Hundehiitte Farben Tisch Wiederhole Lufttemperatur
10700358	results/prompt_txt/Prompt10_de.txt	0	0	Anfangstemperatur Farbe Stelle Frage Senwarzer
10700359	results/prompt_txt/Prompt10_de.txt	0	0	Prozedur Daten Lampe Anfangstemperatur Daten
10700360	results/prompt_txt/Prompt10_de.txt	0	0	Beschreibung Stelle Lufttemperaturinnerhalb Miss
10700361	results/prompt_txt/Prompt10_de.txt	0	0	fiir Prozedur Farbe Platziere Farbe Lampe Folgende
10700362	results/prompt_txt/Prompt10_de.txt	0	0	hellgrauen Diagramm Tisch Lufttemperatur Verschluss-Farbe
10700363	results/prompt_txt/Prompt10_de.txt	0	0	Energie Schalte Wiederhole Minuten Wiederhole
10700364	results/prompt_txt/Prompt10_de.txt	0	0	Frage Tisch Hundehütte Senwarzer Anfangstemperatur
10700365	results/prompt_txt/Prompt10_de.txt	0	0	Hundehiitte Prozedur Berechne Hundehütte Innentemperatur
10700366	results/prompt_txt/Prompt10_de.txt	0	0	Lampe Beschreibung |Deckelfarbe Lufttemperaturinnerhalb
10700367	results/prompt_txt/Prompt10_de.txt	0	0	* Temperatur Diagramm Berechne Hypothese Diagramm
10700368	results/prompt_txt/Prompt10_de.txt	0	0	Anfangstemperatur Deckels Lufttemperaturinnerhalb
10700369	results/prompt_txt/Prompt10_de.txt	0	0	Versuchsaufbau Frage Innere Beachten Stelle Hundehütte
10700370	results/prompt_txt/Prompt10_de.txt	0	0	* Beachten Objektes Durchgang Folgende dunkelgrauen
10700371	results/prompt_txt/Prompt10_de.txt	0	0	Wiederhole Eimachgies Verschluss-Farbe |Deckelfarbe
10700372	results/prompt_txt/Prompt10_de.txt	0	0	Farbauswahl Berechne Hypothese Folgende Achten
10700373	results/prompt_txt/Prompt10_de.txt	0	0	Lampe Vorechlus Aufgabe Daten Durchgang Tisch
10700374	results/prompt_txt/Prompt10_de.txt	0	0	Schalte Experiment Stelle Lufttemperaturinnerhalb
10700375	results/prompt_txt/Prompt10_de.txt	0	0	Farben Farbauswahl Wiederhole Anstrich Energie
10700376	results/prompt_txt/Prompt10_de.txt	0	0	Einmachglases Verschluss-Farbe Energie Deckelfarbe
10700377	results/prompt_txt/Prompt10_de.txt	0	0	Innentemperatur Berechne Lampe Einmachglas Lampe
10700378	results/prompt_txt/Prompt10_de.txt	0	0	Innere Hypothese Starttemperatur fiir Objektes
10700379	results/prompt_txt/Prompt10_de.txt	0	0	Farbe Senwarzer Objektes hellgrauen Hypothese
10700380	results/prompt_txt/Prompt10_de.txt	0	0	Einmachglases Hundehütte Thermometer Hundehiitte
10700381	results/prompt_txt/Prompt10_de.txt	0	0	Hundehiitte Diagramm Lufttemperaturinnerhalb
10700382	results/prompt_txt/Prompt10_de.txt	0	0	Durchgang Tisch Weis Farbauswahl Prozedur Einmachglases
10700383	results/prompt_txt/Prompt10_de.txt	0	0	Lampe Stelle Prozedur Stelle Farben Hypothese
10700384	results/prompt_txt/Prompt10_de.txt	0	0	Miss Lufttemperatur Berechne Wiederhole Lufttemperatur
10700385	results/prompt_txt/Prompt10_de.txt	0	0	Prozedur Schalte Energie Beachten Farbauswahl
10700386	results/prompt_txt/Prompt10_de.txt	0	0	Minuten Platziere Innentemperatur Folgende Anstrich
10700387	results/prompt_txt/Prompt10_de.txt	0	0	|Deckelfarbe Achten Berechne Farbe Lampe Platziere
10700388	results/prompt_txt/Prompt10_de.txt	0	0	Wiederhole Verschluss-Farbe Energie Energie Durchgange
10700389	results/prompt_txt/Prompt10_de.txt	0	0	Innere Wiederhole Stelle Hundehitte Beschreibung
10700390	results/prompt_txt/Prompt10_de.txt	0	0	Folgende Farben Prozedur Verschluss-Farbe Berechne
10700391	results/prompt_txt/Prompt10_de.txt	0	0	|Deckelfarbe Temperatur Innere Folgende Thermometer
10700392	results/prompt_txt/Prompt10_de.txt	0	0	Hellgrau Hellgrau |Deckelfarbe Schritte Experiment
10700393	results/prompt_txt/Prompt10_de.txt	0	0	Hundehütte Wiederhole Hellgrau Thermometer Einmachglas
10700394	results/prompt_txt/Prompt10_de.txt	0	0	Frage Aufgabe hellgrauen Anstrich Farbe Berechne
10700395	results/prompt_txt/Prompt10_de.txt	0	0	Farben Deckelfarbe Energie Anfangstemperatur
10700396	results/prompt_txt/Prompt10_de.txt	0	0	Objektes Energie Durchgange hellgrauen Innentemperatur
10700397	results/prompt_txt/Prompt10_de.txt	0	0	* Prozedur Beschreibung Farbauswahl Verschluss-Farbe
10700398	results/prompt_txt/Prompt10_de.txt	0	0	Stelle Vorechlus Objektes Hypothese Weis Hundehiitte
10700399	results/prompt_txt/Prompt10_de.txt	0	0	Lufttemperaturinnerhalb Beachten Eimachgies Anfangstemperatur
10700400	results/prompt_txt/Prompt10_de.txt	0	0	Lampe Berechne Deckels Hundehütte Folgende Deckels
10700401	results/prompt_txt/Prompt10_de.txt	0	0	Hundehiitte Temperatur Temperatur Prozedur Lampe
10700402	results/prompt_txt/Prompt10_de.txt	0	0	* Anfangstemperatur Temperatur Schritte Weis
10700403	results/prompt_txt/Prompt10_de.txt	0	0	Anfangstemperatur Farben Platziere Deckelfarbe
10700404	results/prompt_txt/Prompt10_de.txt	0	0	Hundehiitte Ergebnisse Schritte dunkelgrauen
10700405	results/prompt_txt/Prompt10_de.txt	0	0	Glas Aufgabe Deckelfarbe Versuchsaufbau Temperatur
10700406	results/prompt_txt/Prompt10_de.txt	0	0	Objektes Hypothese Vorechlus Schritte Frage Folgende
10700407	results/prompt_txt/Prompt10_de.txt	0	0	Achten Platziere Lampe Verschluss-Farbe Innere
10700408	results/prompt_txt/Prompt10_de.txt	0	0	Hundehiitte fiir Farbauswahl Senwarzer Farbauswahl
10700409	results/prompt_txt/Prompt10_de.txt	0	0	Objektes Hypothese |Deckelfarbe |Deckelfarbe
10700410	results/prompt_txt/Prompt10_de.txt	0	0	Platziere Hundehitte Wiederhole dunkelgrauen
10700411	results/prompt_txt/Prompt10_de.txt	0	0	Tisch Lufttemperatur Deckels Temperatur Platziere
10700412	results/prompt_txt/Prompt10_de.txt	0	0	Beschreibung Hellgrau Objektes Durchgang Wiederhole
10700413	results/prompt_txt/Prompt10_de.txt	0	0	Hellgrau Platziere Vorechlus Folgende Lampe Miss
10700414	results/prompt_txt/Prompt10_de.txt	0	0	Innere Weis Aufgabe Einmachglases Hundehitte
10700415	results/prompt_txt/Prompt10_de.txt	0	0	Hellgrau hellgrauen dunkelgrauen Schritte Lampe
10700416	results/prompt_txt/Prompt10_de.txt	0	0	Einmachglases Einmachglas |Deckelfarbe Achten
10700417	results/prompt_txt/Prompt10_de.txt	0	0	Lufttemperaturinnerhalb Platziere Minuten Hypothese
10700418	results/prompt_txt/Prompt10_de.txt	0	0	Vorechlus dunkelgrauen Eimachgies Folgende Daten
10700419	results/prompt_txt/Prompt10_de.txt	0	0	Stelle Hellgrau |Deckelfarbe Ergebnisse Prozedur
10700420	results/prompt_txt/Prompt10_de.txt	0	0	Schritte Hundehiitte Versuchsaufbau Hundehütte
10700421	results/prompt_txt/Prompt10_de.txt	0	0	Einmachglas Diagramm Schalte fiir Eimachgies
10700422	results/prompt_txt/Prompt10_de.txt	0	0	Objektes Eimachgies Farbe Wiederhole Versuchsaufbau
10700423	results/prompt_txt/Prompt10_de.txt	0	0	Verschluss-Farbe Diagramm hellgrauen Wiederhole
10700424	results/prompt_txt/Prompt10_de.txt	0	0	Verschluss-Farbe Aufgabe Objektes Diagramm Schalte
10700425	results/prompt_txt/Prompt10_de.txt	0	0	Einmachglases Einmachglases Innentemperatur Hundehütte
10700426	results/prompt_txt/Prompt10_de.txt	0	0	Schritte Hypothese Durchgange Senwarzer Anstrich
10700427	results/prompt_txt/Prompt10_de.txt	0	0	Lufttemperaturinnerhalb Hypothese Durchgange
10700428	results/prompt_txt/Prompt10_de.txt	0	0	Lufttemperaturinnerhalb Beschreibung Diagramm
10700429	results/prompt_txt/Prompt10_de.txt	0	0	Platziere Stelle Farbauswahl Frage Temperatur
10700430	results/prompt_txt/Prompt10_de.txt	0	0	Hundehiitte Minuten Lufttemperaturinnerhalb Vorechlus
10700431	results/prompt_txt/Prompt10_de.txt	0	0	Experiment Platziere Verschluss-Farbe Prozedur
10700432	results/prompt_txt/Prompt10_de.txt	0	0	Miss Hundehütte Durchgange Temperatur Folgende
10700433	results/prompt_txt/Prompt10_de.txt	0	0	Versuchsaufbau Farbe Berechne Vorechlus Lampe
10700434	results/prompt_txt/Prompt10_de.txt	0	0	Lufttemperatur Hundehiitte Deckelfarbe Lufttemperatur
10700435	results/prompt_txt/Prompt10_de.txt	0	0	Farbauswahl Energie Schritte Prozedur Hypothese
10700436	results/prompt_txt/Prompt10_de.txt	0	0	Schalte fiir Schalte Lufttemperatur Lampe Experiment
10700437	results/prompt_txt/Prompt10_de.txt	0	0	Versuchsaufbau Deckels Farbauswahl Deckels Glas
10700438	results/prompt_txt/Prompt10_de.txt	0	0	Eimachgies Lufttemperaturinnerhalb Hellgrau Experiment
10700439	results/prompt_txt/Prompt10_de.txt	0	0	Innere dunkelgrauen Achten dunkelgrauen Einmachglas
10700440	results/prompt_txt/Prompt10_de.txt	0	0	hellgrauen Achten Beachten Thermometer Miss Deckelfarbe
10700441	results/prompt_txt/Prompt10_de.txt	0	0	hellgrauen Achten Berechne Hundehiitte Hundehiitte
10700442	results/prompt_txt/Prompt10_de.txt	0	0	Durchgange Versuchsaufbau Daten Miss Weis Temperatur
10700443	results/prompt_txt/Prompt10_de.txt	0	0	Beachten Hypothese Beschreibung |Deckelfarbe
10700444	results/prompt_txt/Prompt10_de.txt	0	0	Temperatur Beachten Hundehitte Wiederhole Minuten
10700445	results/prompt_txt/Prompt10_de.txt	0	0	Innere Versuchsaufbau Schalte Hundehiitte Achten
10700446	results/prompt_txt/Prompt10_de.txt	0	0	dunkelgrauen dunkelgrauen Folgende Deckels Hypothese
10700447	results/prompt_txt/Prompt10_de.txt	0	0	Verschluss-Farbe Minuten Anfangstemperatur Tisch
10700448	results/prompt_txt/Prompt10_de.txt	0	0	Wiederhole Wiederhole Durchgange Farbauswahl
10700449	results/prompt_txt/Prompt10_de.txt	0	0	Durchgang Deckels Beschreibung dunkelgrauen Farbauswahl
10700450	results/prompt_txt/Prompt10_de.txt	0	0	|Deckelfarbe Experiment Lufttemperaturinnerhalb
10700451	results/prompt_txt/Prompt10_de.txt	0	0	Senwarzer hellgrauen Beschreibung Tisch Beschreibung
10700452	results/prompt_txt/Prompt10_de.txt	0	0	Folgende Farbe Vorechlus Deckelfarbe Wiederhole
10700453	results/prompt_txt/Prompt10_de.txt	0	0	* Temperatur Lufttemperatur Durchgang Prozedur
10700454	results/prompt_txt/Prompt10_de.txt	0	0	Thermometer Thermometer Durchgange Einmachglas
10700455	results/prompt_txt/Prompt10_de.txt	0	0	Berechne Wiederhole Hundehiitte Miss Hundehitte
10700456	results/prompt_txt/Prompt10_de.txt	0	0	Berechne Energie Frage Platziere Farbauswahl
10700457	results/prompt_txt/Prompt10_de.txt	0	0	Hundehitte Innere Glas Wiederhole Ergebnisse
10700458	results/prompt_txt/Prompt10_de.txt	0	0	Beschreibung Aufgabe Energie Objektes Stelle
10700459	results/prompt_txt/Prompt10_de.txt	0	0	Tisch Daten Schritte Senwarzer Farbe Vorechlus
10700460	results/prompt_txt/Prompt10_de.txt	0	0	hellgrauen Objektes Minuten Tisch Schalte Weis
10700461	results/prompt_txt/Prompt10_de.txt	0	0	Eimachgies Berechne Lufttemperatur Versuchsaufbau
10700462	results/prompt_txt/Prompt10_de.txt	0	0	* Frage Experiment Eimachgies Deckels Schritte
10700463	results/prompt_txt/Prompt10_de.txt	0	0	Lampe Vorechlus Deckelfarbe Deckels Platziere
10700464	results/prompt_txt/Prompt10_de.txt	0	0	Stelle Farbauswahl Anstrich Innere Energie Anfangstemperatur
10700465	results/prompt_txt/Prompt10_de.txt	0	0	Objektes Achten Ergebnisse Verschluss-Farbe Achten
10700466	results/prompt_txt/Prompt10_de.txt	0	0	Vorechlus Platziere Durchgang Experiment Achten
10700467	results/prompt_txt/Prompt10_de.txt	0	0	Berechne Farben Hundehütte Platziere Temperatur
10700468	results/prompt_txt/Prompt10_de.txt	0	0	Starttemperatur Minuten dunkelgrauen Thermometer
10700469	results/prompt_txt/Prompt10_de.txt	0	0	Beschreibung Anfangstemperatur Beschreibung Versuchsaufbau
10700470	results/prompt_txt/Prompt10_de.txt	0	0	Objektes Hundehütte Energie Prozedur Berechne
10700471	results/prompt_txt/Prompt10_de.txt	0	0	Weis Hundehiitte dunkelgrauen Einmachglas Tisch
10700472	results/prompt_txt/Prompt10_de.txt	0	0	Folgende Stelle Beschreibung Experiment Platziere
10700473	results/prompt_txt/Prompt10_de.txt	0	0	Einmachglas Wiederhole Minuten Hypothese Farbauswahl
10700474	results/prompt_txt/Prompt10_de.txt	0	0	Anfangstemperatur Farbe Glas Objektes Weis Glas
10700475	results/prompt_txt/Prompt10_de.txt	0	0	Deckelfarbe Stelle Hellgrau Deckels Hundehitte
10700476	results/prompt_txt/Prompt10_de.txt	0	0	Beachten Lampe Lampe Prozedur Hundehütte Senwarzer
10700477	results/prompt_txt/Prompt10_de.txt	0	0	Weis Starttemperatur Hundehütte Durchgange Miss
10700478	results/prompt_txt/Prompt10_de.txt	0	0	Energie Experiment Diagramm Hypothese Starttemperatur
10700479	results/prompt_txt/Prompt10_de.txt	0	0	Achten Temperatur Beachten Objektes Miss Aufgabe
10700480	results/prompt_txt/Prompt10_de.txt	0	0	Aufgabe Prozedur Einmachglas Stelle Platziere
10700481	results/prompt_txt/Prompt10_de.txt	0	0	Anstrich Diagramm Ergebnisse Glas Durchgange
10700482	results/prompt_txt/Prompt10_de.txt	0	0	Folgende Miss Farben Lampe Aufgabe Lufttemperatur
10700483	results/prompt_txt/Prompt10_de.txt	0	0	Deckelfarbe fiir Hundehiitte Hypothese Deckels
10700484	results/prompt_txt/Prompt10_de.txt	0	0	Innentemperatur Versuchsaufbau Lampe Daten Weis
10700485	results/prompt_txt/Prompt10_de.txt	0	0	Beachten Durchgang fiir Senwarzer fiir Diagramm
10700486	results/prompt_txt/Prompt10_de.txt	0	0	Minuten dunkelgrauen Tisch Ergebnisse Hundehitte
10700487	results/prompt_txt/Prompt10_de.txt	0	0	Berechne Eimachgies Starttemperatur Farbauswahl
10700488	results/prompt_txt/Prompt10_de.txt	0	0	Vorechlus Energie Anstrich Diagramm Stelle Lufttemperatur
10700489	results/prompt_txt/Prompt10_de.txt	0	0	Prozedur Temperatur Achten dunkelgrauen Temperatur
10700490	results/prompt_txt/Prompt10_de.txt	0	0	Folgende Farbauswahl Schalte Objektes Energie
10700491	results/prompt_txt/Prompt10_de.txt	0	0	Schritte Einmachglas hellgrauen Energie Starttemperatur
10700492	results/prompt_txt/Prompt10_de.txt	0	0	Schalte Hypothese Hundehütte Innere Objektes
10700493	results/prompt_txt/Prompt10_de.txt	0	0	Farbauswahl Wiederhole Anfangstemperatur Aufgabe
10700494	results/prompt_txt/Prompt10_de.txt	0	0	Hellgrau Temperatur Weis Lufttemperaturinnerhalb
10700495	results/prompt_txt/Prompt10_de.txt	0	0	Eimachgies Innentemperatur Objektes Ergebnisse
10700496	results/prompt_txt/Prompt10_de.txt	0	0	Hundehitte Durchgang Ergebnisse Tisch Temperatur
10700497	results/prompt_txt/Prompt10_de.txt	0	0	Lufttemperatur Energie Eimachgies Beachten Hundehitte
10700498	results/prompt_txt/Prompt10_de.txt	0	0	Platziere Beschreibung Berechne Prozedur Innere
10700499	results/prompt_txt/Prompt10_de.txt	0	0	Weis Durchgange Starttemperatur Wiederhole Beschreibung
10700500	results/prompt_txt/Prompt10_de.txt	0	0	Wiederhole Hundehiitte Miss Objektes Platziere
10700501	results/prompt_txt/Prompt10_de.txt	0	0	Thermometer Farbe Versuchsaufbau Durchgange Eimachgies
10700502	results/prompt_txt/Prompt10_de.txt	0	0	Tisch Wiederhole Farbe Deckels Hundehütte Objektes
10700503	results/prompt_txt/Prompt10_de.txt	0	0	* Experiment Diagramm Hundehiitte Lufttemperatur
10700504	results/prompt_txt/Prompt10_de.txt	0	0	Experiment Berechne Einmachglases Hundehütte
10700505	results/prompt_txt/Prompt10_de.txt	0	0	Ergebnisse Senwarzer Senwarzer Daten Wiederhole
10700506	results/prompt_txt/Prompt10_de.txt	0	0	Daten Durchgange Durchgange Anstrich Glas Schritte
10700507	results/prompt_txt/Prompt10_de.txt	0	0	Farbauswahl Achten Folgende Schalte Beachten
10700508	results/prompt_txt/Prompt10_de.txt	0	0	Hundehitte Hundehütte Eimachgies Innere Farbe
10700509	results/prompt_txt/Prompt10_de.txt	0	0	Diagramm Versuchsaufbau Versuchsaufbau Diagramm
10700510	results/prompt_txt/Prompt10_de.txt	0	0	Durchgange Prozedur Einmachglases Farben Lufttemperatur
10700511	results/prompt_txt/Prompt10_de.txt	0	0	Stelle Eimachgies Lufttemperaturinnerhalb Hundehitte
10700512	results/prompt_txt/Prompt10_de.txt	0	0	|Deckelfarbe Einmachglases Glas Experiment Experiment
10700513	results/prompt_txt/Prompt10_de.txt	0	0	Verschluss-Farbe Lufttemperaturinnerhalb Hundehiitte
10700514	results/prompt_txt/Prompt10_de.txt	0	0	Diagramm Deckelfarbe Eimachgies Farben Diagramm
10700515	results/prompt_txt/Prompt10_de.txt	0	0	Farben Daten Stelle Einmachglas Thermometer Einmachglases
10700516	results/prompt_txt/Prompt10_de.txt	0	0	Aufgabe Deckels Hypothese Lampe Vorechlus Hellgrau
10700517	results/prompt_txt/Prompt10_de.txt	0	0	Hundehiitte Temperatur Verschluss-Farbe Anfangstemperatur
10700518	results/prompt_txt/Prompt10_de.txt	0	0	Diagramm Hellgrau Thermometer Daten Wiederhole
10700519	results/prompt_txt/Prompt10_de.txt	0	0	Einmachglas Achten Farbe Experiment Innere Lufttemperatur
10700520	results/prompt_txt/Prompt10_de.txt	0	0	Lampe Farben Berechne Experiment Beschreibung
10700521	results/prompt_txt/Prompt10_de.txt	0	0	Energie Durchgang Anfangstemperatur Ergebnisse
10700522	results/prompt_txt/Prompt10_de.txt	0	0	Platziere Deckels fiir Anfangstemperatur Experiment
10700523	results/prompt_txt/Prompt10_de.txt	0	0	dunkelgrauen Senwarzer Thermometer Deckelfarbe
10700524	results/prompt_txt/Prompt10_de.txt	0	0	Lufttemperatur Hellgrau Frage Beachten Farben
10700525	results/prompt_txt/Prompt10_de.txt	0	0	Durchgang |Deckelfarbe Schritte Stelle |Deckelfarbe
10700526	results/prompt_txt/Prompt10_de.txt	0	0	Hundehiitte Folgende Hypothese Verschluss-Farbe
10700527	results/prompt_txt/Prompt10_de.txt	0	0	Versuchsaufbau dunkelgrauen Diagramm fiir Diagramm
10700528	results/prompt_txt/Prompt10_de.txt	0	0	Hundehütte Prozedur Objektes Tisch Starttemperatur
10700529	results/prompt_txt/Prompt10_de.txt	0	0	Verschluss-Farbe Innere Platziere fiir Starttemperatur
10700530	results/prompt_txt/Prompt10_de.txt	0	0	hellgrauen Prozedur Thermometer Berechne Schalte
10700531	results/prompt_txt/Prompt10_de.txt	0	0	Hypothese Ergebnisse fiir Starttemperatur Folgende
10700532	results/prompt_txt/Prompt10_de.txt	0	0	Vorechlus Farbauswahl Einmachglas Berechne Lufttemperaturinnerhalb
10700533	results/prompt_txt/Prompt10_de.txt	0	0	Anfangstemperatur Durchgange |Deckelfarbe Anfangstemperatur
10700534	results/prompt_txt/Prompt10_de.txt	0	0	Berechne Objektes Einmachglas Innere Temperatur
10700535	results/prompt_txt/Prompt10_de.txt	0	0	Farbauswahl hellgrauen Daten Einmachglases Hundehiitte
10700536	results/prompt_txt/Prompt10_de.txt	0	0	Innere Beachten Prozedur Wiederhole Folgende
10700537	results/prompt_txt/Prompt10_de.txt	0	0	Hypothese Thermometer Hellgrau Einmachglases
10700538	results/prompt_txt/Prompt10_de.txt	0	0	Einmachglases Hellgrau Glas Vorechlus Platziere
10700539	results/prompt_txt/Prompt10_de.txt	0	0	hellgrauen Glas Temperatur Minuten fiir Farbauswahl
10700540	results/prompt_txt/Prompt10_de.txt	0	0	Berechne Verschluss-Farbe Hypothese Objektes
10700541	results/prompt_txt/Prompt10_de.txt	0	0	|Deckelfarbe Platziere Achten Experiment Eimachgies
10700542	results/prompt_txt/Prompt10_de.txt	0	0	Innere Berechne dunkelgrauen Schalte Farben Starttemperatur
10700543	results/prompt_txt/Prompt10_de.txt	0	0	Anfangstemperatur Minuten Minuten Innere Innere
10700544	results/prompt_txt/Prompt10_de.txt	0	0	Verschluss-Farbe |Deckelfarbe Glas Wiederhole
10700545	results/prompt_txt/Prompt10_de.txt	0	0	Stelle Prozedur Daten Achten Verschluss-Farbe
10700546	results/prompt_txt/Prompt10_de.txt	0	0	Hellgrau |Deckelfarbe Vorechlus Anfangstemperatur
10700547	results/prompt_txt/Prompt10_de.txt	0	0	* Beschreibung Prozedur Glas Temperatur Versuchsaufbau
10700548	results/prompt_txt/Prompt10_de.txt	0	0	Frage Starttemperatur Miss Schalte Ergebnisse
10700549	results/prompt_txt/Prompt10_de.txt	0	0	Schalte Farbauswahl Objektes Schalte Lufttemperaturinnerhalb
10700550	results/prompt_txt/Prompt10_de.txt	0	0	Prozedur Experiment fiir Energie Hundehitte Einmachglases
10700551	results/prompt_txt/Prompt10_de.txt	0	0	Thermometer Experiment dunkelgrauen Objektes
10700552	results/prompt_txt/Prompt10_de.txt	0	0	Diagramm Farbe Deckelfarbe Farben Minuten Platziere
10700553	results/prompt_txt/Prompt10_de.txt	0	0	Einmachglas fiir Farben Achten Innere Farbe Thermometer
10700554	results/prompt_txt/Prompt10_de.txt	0	0	Tisch Lufttemperaturinnerhalb Durchgang Anstrich
10700555	results/prompt_txt/Prompt10_de.txt	0	0	Durchgang Schalte Innere Achten Minuten Daten
10700556	results/prompt_txt/Prompt10_de.txt	0	0	* Weis Objektes Energie fiir Berechne Innentemperatur
10700557	results/prompt_txt/Prompt10_de.txt	0	0	Innere Prozedur Farben Innere Hellgrau |Deckelfarbe
10700558	results/prompt_txt/Prompt10_de.txt	0	0	Einmachglases Versuchsaufbau dunkelgrauen Vorechlus
10700559	results/prompt_txt/Prompt10_de.txt	0	0	* Anstrich Achten Diagramm fiir Hellgrau Miss
10700560	results/prompt_txt/Prompt10_de.txt	0	0	Daten Deckels Beschreibung Diagramm Ergebnisse
10700561	results/prompt_txt/Prompt10_de.txt	0	0	Ergebnisse Experiment Ergebnisse Minuten Schalte
10700562	results/prompt_txt/Prompt10_de.txt	0	0	Innentemperatur dunkelgrauen Hundehitte Versuchsaufbau
10700563	results/prompt_txt/Prompt10_de.txt	0	0	Minuten Beachten dunkelgrauen Daten Anfangstemperatur
10700564	results/prompt_txt/Prompt10_de.txt	0	0	Hundehitte Innere Innere Miss Einmachglas Lampe
10700565	results/prompt_txt/Prompt10_de.txt	0	0	Schalte Diagramm Lampe Berechne Farben Ergebnisse
10700566	results/prompt_txt/Prompt10_de.txt	0	0	Versuchsaufbau dunkelgrauen Platziere Deckelfarbe
10700567	results/prompt_txt/Prompt10_de.txt	0	0	Farbe Thermometer hellgrauen Objektes Tisch Objektes
10700568	results/prompt_txt/Prompt10_de.txt	0	0	Anfangstemperatur Platziere fiir Tisch Deckels
10700569	results/prompt_txt/Prompt10_de.txt	0	0	|Deckelfarbe Thermometer Innentemperatur Lampe
10700570	results/prompt_txt/Prompt10_de.txt	0	0	Platziere Lampe Diagramm Innere Hundehitte Lufttemperatur
10700571	results/prompt_txt/Prompt10_de.txt	0	0	Durchgang Thermometer Deckelfarbe Farben Thermometer
10700572	results/prompt_txt/Prompt10_de.txt	0	0	Miss Farben Minuten Prozedur Diagramm Lufttemperatur
10700573	results/prompt_txt/Prompt10_de.txt	0	0	* Farbe Frage Beachten Schritte Innere Beachten
10700574	results/prompt_txt/Prompt10_de.txt	0	0	Temperatur Deckelfarbe Einmachglas Miss Verschluss-Farbe
10700575	results/prompt_txt/Prompt10_de.txt	0	0	Einmachglas Objektes Thermometer Farbauswahl
10700576	results/prompt_txt/Prompt10_de.txt	0	0	Hundehiitte Objektes Miss Wiederhole Folgende
10700577	results/prompt_txt/Prompt10_de.txt	0	0	Innere Beachten Lufttemperaturinnerhalb |Deckelfarbe
10700578	results/prompt_txt/Prompt10_de.txt	0	0	Lufttemperaturinnerhalb Ergebnisse Platziere
10700579	results/prompt_txt/Prompt10_de.txt	0	0	Hundehütte Hypothese Durchgang Achten Farbe Platziere
10700580	results/prompt_txt/Prompt10_de.txt	0	0	Weis dunkelgrauen Objektes Einmachglas Einmachglas
10700581	results/prompt_txt/Prompt10_de.txt	0	0	Lampe Senwarzer Folgende Hundehitte Frage Deckelfarbe
10700582	results/prompt_txt/Prompt10_de.txt	0	0	Platziere Eimachgies Hypothese Experiment Eimachgies
10700583	results/prompt_txt/Prompt10_de.txt	0	0	Farben Innere Energie Einmachglases Berechne
10700584	results/prompt_txt/Prompt10_de.txt	0	0	Einmachglases Innere Beachten fiir Ergebnisse
10700585	results/prompt_txt/Prompt10_de.txt	0	0	Durchgange Lampe Miss Farben Deckelfarbe Einmachglas
10700586	results/prompt_txt/Prompt10_de.txt	0	0	Miss Innentemperatur Hundehitte Berechne Miss
10700587	results/prompt_txt/Prompt10_de.txt	0	0	Diagramm Eimachgies Temperatur Einmachglas Ergebnisse
10700588	results/prompt_txt/Prompt10_de.txt	0	0	Temperatur fiir Hundehitte Hundehütte Prozedur
10700589	results/prompt_txt/Prompt10_de.txt	0	0	Lufttemperaturinnerhalb Einmachglas Hellgrau
10700590	results/prompt_txt/Prompt10_de.txt	0	0	Prozedur Thermometer Farbe Folgende Stelle Durchgange
10700591	results/prompt_txt/Prompt10_de.txt	0	0	Berechne Achten Aufgabe Hypothese Farbe Senwarzer
10700592	results/prompt_txt/Prompt10_de.txt	0	0	hellgrauen Tisch dunkelgrauen Farbe Einmachglas
10700593	results/prompt_txt/Prompt10_de.txt	0	0	fiir Thermometer Lufttemperaturinnerhalb Ergebnisse
10700594	results/prompt_txt/Prompt10_de.txt	0	0	Wiederhole Lufttemperatur Frage Thermometer Hundehitte
10700595	results/prompt_txt/Prompt10_de.txt	0	0	Frage Innere Anstrich Verschluss-Farbe Beschreibung
10700596	results/prompt_txt/Prompt10_de.txt	0	0	Hellgrau Miss Anfangstemperatur Ergebnisse Hundehütte
10700597	results/prompt_txt/Prompt10_de.txt	0	0	Hundehitte |Deckelfarbe Beschreibung fiir Hypothese
10700598	results/prompt_txt/Prompt10_de.txt	0	0	Frage Hundehütte Versuchsaufbau Deckelfarbe Miss
10700599	results/prompt_txt/Prompt10_de.txt	0	0	Beschreibung Lufttemperaturinnerhalb Stelle Weis
10700600	results/prompt_txt/Prompt10_de.txt	0	0	Aufgabe Vorechlus Durchgange Einmachglas hellgrauen
10700601	results/prompt_txt/Prompt10_de.txt	0	0	dunkelgrauen Starttemperatur Platziere Starttemperatur
10700602	results/prompt_txt/Prompt10_de.txt	0	0	Hellgrau Beschreibung Anfangstemperatur Senwarzer
10700603	results/prompt_txt/Prompt10_de.txt	0	0	fiir Lampe Diagramm Miss Stelle Einmachglases
10700604	results/prompt_txt/Prompt10_de.txt	0	0	Innere Deckels Thermometer Farbe |Deckelfarbe
10700605	results/prompt_txt/Prompt10_de.txt	0	0	dunkelgrauen Daten Weis Ergebnisse Platziere
10700606	results/prompt_txt/Prompt10_de.txt	0	0	Anfangstemperatur Senwarzer Aufgabe Stelle hellgrauen
10700607	results/prompt_txt/Prompt10_de.txt	0	0	* Frage Anstrich Hundehiitte Farbauswahl Berechne
10700608	results/prompt_txt/Prompt10_de.txt	0	0	Farbauswahl Eimachgies Folgende Deckelfarbe Innere
10700609	results/prompt_txt/Prompt10_de.txt	0	0	Lufttemperatur Prozedur Diagramm Lampe Thermometer
10700610	results/prompt_txt/Prompt10_de.txt	0	0	|Deckelfarbe Diagramm Weis Weis Starttemperatur
10700611	results/prompt_txt/Prompt10_de.txt	0	0	Weis Einmachglas Tisch Senwarzer hellgrauen Hellgrau
10700612	results/prompt_txt/Prompt10_de.txt	0	0	Einmachglases Diagramm Aufgabe Durchgange Weis
10700613	results/prompt_txt/Prompt10_de.txt	0	0	Starttemperatur Innere Daten Weis Lampe Hellgrau
10700614	results/prompt_txt/Prompt10_de.txt	0	0	Thermometer Achten Folgende Lufttemperaturinnerhalb
10700615	results/prompt_txt/Prompt10_de.txt	0	0	Thermometer Stelle hellgrauen Glas Platziere
10700616	results/prompt_txt/Prompt10_de.txt	0	0	Lufttemperaturinnerhalb Einmachglas Stelle Farben
10700617	results/prompt_txt/Prompt10_de.txt	0	0	* Hundehitte |Deckelfarbe Achten Objektes Berechne
10700618	results/prompt_txt/Prompt10_de.txt	0	0	Hundehiitte Anfangstemperatur Diagramm Prozedur
10700619	results/prompt_txt/Prompt10_de.txt	0	0	Farbauswahl Lufttemperaturinnerhalb Lampe Durchgang
10700620	results/prompt_txt/Prompt10_de.txt	0	0	Schritte Senwarzer Temperatur Deckelfarbe Temperatur
10700621	results/prompt_txt/Prompt10_de.txt	0	0	Durchgang Platziere Experiment Beschreibung Miss
10700622	results/prompt_txt/Prompt10_de.txt	0	0	Diagramm Thermometer Platziere Farben Wiederhole
10700623	results/prompt_txt/Prompt10_de.txt	0	0	Minuten Prozedur Folgende Beachten Energie Hellgrau
10700624	results/prompt_txt/Prompt10_de.txt	0	0	dunkelgrauen Eimachgies Frage Tisch Farbe dunkelgrauen
10700625	results/prompt_txt/Prompt10_de.txt	0	0	Aufgabe hellgrauen Ergebnisse Folgende Hundehitte
10700626	results/prompt_txt/Prompt10_de.txt	0	0	Farbauswahl Schalte Prozedur Experiment Aufgabe
10700627	results/prompt_txt/Prompt10_de.txt	0	0	fiir Senwarzer Deckelfarbe Daten Stelle Anfangstemperatur
10700628	results/prompt_txt/Prompt10_de.txt	0	0	Durchgange Aufgabe Hypothese Energie Eimachgies
10700629	results/prompt_txt/Prompt10_de.txt	0	0	Thermometer Berechne Lufttemperatur dunkelgrauen
10700630	results/prompt_txt/Prompt10_de.txt	0	0	Senwarzer Ergebnisse Ergebnisse Vorechlus Glas
10700631	results/prompt_txt/Prompt10_de.txt	0	0	Folgende Einmachglas Wiederhole Aufgabe Vorechlus
10700632	results/prompt_txt/Prompt10_de.txt	0	0	Anfangstemperatur Achten Anfangstemperatur fiir
10700633	results/prompt_txt/Prompt10_de.txt	0	0	Versuchsaufbau Beschreibung Anfangstemperatur
10700634	results/prompt_txt/Prompt10_de.txt	0	0	hellgrauen Vorechlus Vorechlus Deckelfarbe Lufttemperatur
10700635	results/prompt_txt/Prompt10_de.txt	0	0	Farbauswahl Experiment Durchgang |Deckelfarbe
10700636	results/prompt_txt/Prompt10_de.txt	0	0	Senwarzer Minuten Farbe Experiment Wiederhole
10700637	results/prompt_txt/Prompt10_de.txt	0	0	Hypothese Lufttemperatur Weis Objektes Lufttemperatur
10700638	results/prompt_txt/Prompt10_de.txt	0	0	Platziere Experiment Deckelfarbe Thermometer
10700639	results/prompt_txt/Prompt10_de.txt	0	0	Hypothese Daten Eimachgies Experiment Lampe Schritte
10700640	results/prompt_txt/Prompt10_de.txt	0	0	Miss Objektes Vorechlus fiir Achten dunkelgrauen
10700641	results/prompt_txt/Prompt10_de.txt	0	0	Anfangstemperatur Minuten Tisch Starttemperatur
10700642	results/prompt_txt/Prompt10_de.txt	0	0	Minuten Hundehitte Deckelfarbe Anfangstemperatur
10700643	results/prompt_txt/Prompt10_de.txt	0	0	Hundehitte Stelle Achten Thermometer Folgende
10700644	results/prompt_txt/Prompt10_de.txt	0	0	Senwarzer Einmachglas Farben Verschluss-Farbe
10700645	results/prompt_txt/Prompt10_de.txt	0	0	Prozedur Diagramm Experiment Eimachgies Farbauswahl
10700646	results/prompt_txt/Prompt10_de.txt	0	0	Verschluss-Farbe Beachten Achten Beachten Innentemperatur
10700647	results/prompt_txt/Prompt10_de.txt	0	0	Prozedur Anfangstemperatur hellgrauen Schalte
10700648	results/prompt_txt/Prompt10_de.txt	0	0	Ergebnisse hellgrauen Farbauswahl Hundehiitte
10700649	results/prompt_txt/Prompt10_de.txt	0	0	Farben Versuchsaufbau Folgende Ergebnisse Beachten
10700650	results/prompt_txt/Prompt10_de.txt	0	0	Minuten Schalte Senwarzer Stelle Tisch Temperatur
10700651	results/prompt_txt/Prompt10_de.txt	0	0	Weis Farbauswahl Hundehütte Beachten Innentemperatur
10700652	results/prompt_txt/Prompt10_de.txt	0	0	Farben Schalte Deckels Hundehiitte Farbauswahl
10700653	results/prompt_txt/Prompt10_de.txt	0	0	hellgrauen Einmachglases Innentemperatur Starttemperatur
10700654	results/prompt_txt/Prompt10_de.txt	0	0	Glas Anstrich Anfangstemperatur Miss Glas Hypothese
10700655	results/prompt_txt/Prompt10_de.txt	0	0	Einmachglas fiir Lufttemperaturinnerhalb Schritte
10700656	results/prompt_txt/Prompt10_de.txt	0	0	Berechne Durchgang Experiment Hundehitte Innere
10700657	results/prompt_txt/Prompt10_de.txt	0	0	Frage Energie Tisch Schritte Einmachglas Hundehitte
10700658	results/prompt_txt/Prompt10_de.txt	0	0	Objektes Lufttemperaturinnerhalb Glas Versuchsaufbau
10700659	results/prompt_txt/Prompt10_de.txt	0	0	Beachten Innentemperatur Prozedur Lufttemperaturinnerhalb
10700660	results/prompt_txt/Prompt10_de.txt	0	0	Hundehitte Vorechlus Glas Farben Versuchsaufbau
10700661	results/prompt_txt/Prompt10_de.txt	0	0	fiir Achten Temperatur Diagramm Schritte Berechne
10700662	results/prompt_txt/Prompt10_de.txt	0	0	Innentemperatur Weis Wiederhole Experiment Deckelfarbe
10700663	results/prompt_txt/Prompt10_de.txt	0	0	Platziere dunkelgrauen Aufgabe Hellgrau Deckelfarbe
10700664	results/prompt_txt/Prompt10_de.txt	0	0	dunkelgrauen Farbe Hundehütte Diagramm Anstrich
10700665	results/prompt_txt/Prompt10_de.txt	0	0	Durchgange Hellgrau Innentemperatur Starttemperatur
10700666	results/prompt_txt/Prompt10_de.txt	0	0	Schritte hellgrauen Aufgabe Anstrich Stelle Glas
10700667	results/prompt_txt/Prompt10_de.txt	0	0	Starttemperatur Ergebnisse Wiederhole Daten Einmachglas
10700668	results/prompt_txt/Prompt10_de.txt	0	0	Thermometer Experiment Wiederhole hellgrauen
10700669	results/prompt_txt/Prompt10_de.txt	0	0	Hundehiitte Frage Berechne Eimachgies Diagramm
10700670	results/prompt_txt/Prompt10_de.txt	0	0	Temperatur Daten Achten Einmachglas hellgrauen
10700671	results/prompt_txt/Prompt10_de.txt	0	0	Deckelfarbe Daten Miss Frage Objektes Farbauswahl
10700672	results/prompt_txt/Prompt10_de.txt	0	0	Hundehütte Platziere Hellgrau Beachten Vorechlus
10700673	results/prompt_txt/Prompt10_de.txt	0	0	Lampe Energie Einmachglases Innentemperatur Deckels
10700674	results/prompt_txt/Prompt10_de.txt	0	0	* Schritte Minuten Objektes Tisch Minuten Einmachglases
10700675	results/prompt_txt/Prompt10_de.txt	0	0	Stelle Durchgang fiir Beachten Diagramm Durchgang
10700676	results/prompt_txt/Prompt10_de.txt	0	0	Durchgange Farbe Farbe Platziere dunkelgrauen
10700677	results/prompt_txt/Prompt10_de.txt	0	0	hellgrauen Temperatur Prozedur Hundehütte Thermometer
10700678	results/prompt_txt/Prompt10_de.txt	0	0	Frage Hypothese Objektes Folgende Ergebnisse
10700679	results/prompt_txt/Prompt10_de.txt	0	0	Farbauswahl Deckelfarbe Miss Glas Vorechlus Aufgabe
10700680	results/prompt_txt/Prompt10_de.txt	0	0	Einmachglases Folgende Anfangstemperatur Anstrich
10700681	results/prompt_txt/Prompt10_de.txt	0	0	hellgrauen Durchgang Farbe Temperatur Temperatur
10700682	results/prompt_txt/Prompt10_de.txt	0	0	dunkelgrauen Prozedur Anfangstemperatur Anfangstemperatur
10700683	results/prompt_txt/Prompt10_de.txt	0	0	Minuten Ergebnisse Durchgange Folgende Anstrich
10700684	results/prompt_txt/Prompt10_de.txt	0	0	Aufgabe Lufttemperaturinnerhalb Temperatur Tisch
10700685	results/prompt_txt/Prompt10_de.txt	0	0	Frage Berechne Durchgange Wiederhole Aufgabe
10700686	results/prompt_txt/Prompt10_de.txt	0	0	Farbe Anfangstemperatur Wiederhole Minuten Aufgabe
10700687	results/prompt_txt/Prompt10_de.txt	0	0	Hellgrau Vorechlus fiir hellgrauen Hundehütte
10700688	results/prompt_txt/Prompt10_de.txt	0	0	Innentemperatur Verschluss-Farbe Beschreibung
10700689	results/prompt_txt/Prompt10_de.txt	0	0	* Innere Minuten Lufttemperaturinnerhalb Berechne
10700690	results/prompt_txt/Prompt10_de.txt	0	0	Einmachglases Schritte Verschluss-Farbe Lufttemperatur
10700691	results/prompt_txt/Prompt10_de.txt	0	0	Wiederhole Thermometer Tisch |Deckelfarbe Ergebnisse
10700692	results/prompt_txt/Prompt10_de.txt	0	0	Achten Frage Frage Diagramm Achten Hundehiitte
10700693	results/prompt_txt/Prompt10_de.txt	0	0	Minuten Farbe fiir Prozedur Hundehiitte Vorechlus
10700694	results/prompt_txt/Prompt10_de.txt	0	0	Objektes Versuchsaufbau Verschluss-Farbe Frage
10700695	results/prompt_txt/Prompt10_de.txt	0	0	Deckels Anfangstemperatur Hundehitte Senwarzer
10700696	results/prompt_txt/Prompt10_de.txt	0	0	Ergebnisse Diagramm Hellgrau Hundehitte hellgrauen
10700697	results/prompt_txt/Prompt10_de.txt	0	0	Lampe Schalte Achten Experiment Hundehiitte Durchgang
10700698	results/prompt_txt/Prompt10_de.txt	0	0	Innentemperatur Weis Hundehütte Minuten Aufgabe
10700699	results/prompt_txt/Prompt10_de.txt	0	0	Hundehitte Aufgabe Thermometer Farben Ergebnisse
10700700	results/prompt_txt/Prompt10_de.txt	0	0	Starttemperatur Farbauswahl Daten hellgrauen
10700701	results/prompt_txt/Prompt10_de.txt	0	0	Eimachgies Hundehiitte Platziere Platziere dunkelgrauen
10700702	results/prompt_txt/Prompt10_de.txt	0	0	Eimachgies Einmachglas Durchgang Lampe Schalte
10700703	results/prompt_txt/Prompt10_de.txt	0	0	Verschluss-Farbe Glas Thermometer Berechne fiir
10700704	results/prompt_txt/Prompt10_de.txt	0	0	Versuchsaufbau Schalte Hundehütte Schritte Hellgrau
10700705	results/prompt_txt/Prompt10_de.txt	0	0	Folgende Achten Aufgabe Innere Aufgabe Farbauswahl
10700706	results/prompt_txt/Prompt10_de.txt	0	0	Achten Hundehütte Starttemperatur Lampe Farbe
10700707	results/prompt_txt/Prompt10_de.txt	0	0	Folgende Hellgrau Berechne dunkelgrauen Weis
10700708	results/prompt_txt/Prompt10_de.txt	0	0	Farbe Anstrich Daten |Deckelfarbe Schritte dunkelgrauen
10700709	results/prompt_txt/Prompt10_de.txt	0	0	dunkelgrauen dunkelgrauen Durchgang Starttemperatur
10700710	results/prompt_txt/Prompt10_de.txt	0	0	Deckels dunkelgrauen Beschreibung Beschreibung
10700711	results/prompt_txt/Prompt10_de.txt	0	0	Experiment fiir Stelle Aufgabe Ergebnisse Energie
10700712	results/prompt_txt/Prompt10_de.txt	0	0	Folgende Farbe Durchgang Diagramm Energie Temperatur
10700713	results/prompt_txt/Prompt10_de.txt	0	0	Platziere Wiederhole Schritte Stelle Minuten
10700714	results/prompt_txt/Prompt10_de.txt	0	0	Weis Farbauswahl Farbauswahl Versuchsaufbau Hypothese
10700715	results/prompt_txt/Prompt10_de.txt	0	0	dunkelgrauen Durchgang Hundehütte Hellgrau Beschreibung
10700716	results/prompt_txt/Prompt10_de.txt	0	0	Hundehütte Innere Minuten Farbe Miss Senwarzer
10700717	results/prompt_txt/Prompt10_de.txt	0	0	Farbauswahl Glas hellgrauen |Deckelfarbe Anstrich
10700718	results/prompt_txt/Prompt10_de.txt	0	0	Versuchsaufbau Lufttemperatur Aufgabe Farbauswahl
10700719	results/prompt_txt/Prompt10_de.txt	0	0	Achten Energie Energie Durchgange Eimachgies
10700720	results/prompt_txt/Prompt10_de.txt	0	0	Beschreibung Weis Aufgabe Hundehiitte Platziere
10700721	results/prompt_txt/Prompt10_de.txt	0	0	Experiment Anstrich Tisch Starttemperatur Miss
10700722	results/prompt_txt/Prompt10_de.txt	0	0	Tisch Lufttemperaturinnerhalb Platziere Lampe
10700723	results/prompt_txt/Prompt10_de.txt	0	0	dunkelgrauen Berechne Hundehitte Innere Minuten
10700724	results/prompt_txt/Prompt10_de.txt	0	0	Achten Lufttemperaturinnerhalb Lufttemperaturinnerhalb
10700725	results/prompt_txt/Prompt10_de.txt	0	0	Energie Verschluss-Farbe Hundehütte Einmachglases
10700726	results/prompt_txt/Prompt10_de.txt	0	0	Hundehiitte Durchgang Platziere Frage dunkelgrauen
10700727	results/prompt_txt/Prompt10_de.txt	0	0	Beschreibung Schritte Innere Ergebnisse Hundehütte
10700728	results/prompt_txt/Prompt10_de.txt	0	0	Starttemperatur Lufttemperatur Wiederhole hellgrauen
10700729	results/prompt_txt/Prompt10_de.txt	0	0	Einmachglases Einmachglases Folgende Hundehiitte
10700730	results/prompt_txt/Prompt10_de.txt	0	0	Daten Hundehütte Innentemperatur Aufgabe Beschreibung
10700731	results/prompt_txt/Prompt10_de.txt	0	0	Anfangstemperatur Beachten Deckelfarbe Diagramm
10700732	results/prompt_txt/Prompt10_de.txt	0	0	Lufttemperatur Berechne Innere hellgrauen Starttemperatur
10700733	results/prompt_txt/Prompt10_de.txt	0	0	Folgende Glas Senwarzer Experiment Energie Glas
10700734	results/prompt_txt/Prompt10_de.txt	0	0	Weis Glas Einmachglas Weis Tisch |Deckelfarbe
10700735	results/prompt_txt/Prompt10_de.txt	0	0	Beachten Minuten Folgende Senwarzer Durchgang
10700736	results/prompt_txt/Prompt10_de.txt	0	0	Platziere Weis Minuten Objektes Lampe Beschreibung
10700737	results/prompt_txt/Prompt10_de.txt	0	0	Hellgrau Hundehütte Berechne Ergebnisse Anstrich
10700738	results/prompt_txt/Prompt10_de.txt	0	0	Objektes Lampe Innere Farben Aufgabe Miss Aufgabe
10700739	results/prompt_txt/Prompt10_de.txt	0	0	Eimachgies Hundehiitte Innentemperatur Anfangstemperatur
10700740	results/prompt_txt/Prompt10_de.txt	0	0	Anfangstemperatur Achten Ergebnisse Einmachglases
10700741	results/prompt_txt/Prompt10_de.txt	0	0	Innentemperatur dunkelgrauen fiir Minuten Frage
10700742	results/prompt_txt/Prompt10_de.txt	0	0	Farbauswahl Stelle Folgende Farben Experiment
10700743	results/prompt_txt/Prompt10_de.txt	0	0	Hundehiitte Frage Diagramm Senwarzer Durchgange
10700744	results/prompt_txt/Prompt10_de.txt	0	0	Vorechlus Hellgrau Hundehiitte Hundehütte Temperatur
10700745	results/prompt_txt/Prompt10_de.txt	0	0	Diagramm Hundehütte Deckelfarbe Versuchsaufbau
10700746	results/prompt_txt/Prompt10_de.txt	0	0	Anstrich Anstrich Hundehütte fiir Deckelfarbe
10700747	results/prompt_txt/Prompt10_de.txt	0	0	Senwarzer Temperatur Folgende Farbauswahl Durchgange
10700748	results/prompt_txt/Prompt10_de.txt	0	0	Berechne Einmachglases Durchgang Weis Experiment
10700749	results/prompt_txt/Prompt10_de.txt	0	0	Hundehiitte dunkelgrauen Energie Weis Einmachglases
10700750	results/prompt_txt/Prompt10_de.txt	0	0	Einmachglases Glas Einmachglases Anstrich Beachten
10700751	results/prompt_txt/Prompt10_de.txt	0	0	Durchgange Platziere Vorechlus Durchgang Lufttemperatur
10700752	results/prompt_txt/Prompt10_de.txt	0	0	Hellgrau Versuchsaufbau Glas Durchgange Wiederhole
10700753	results/prompt_txt/Prompt10_de.txt	0	0	Hundehitte Durchgang hellgrauen Minuten Farben
10700754	results/prompt_txt/Prompt10_de.txt	0	0	Anstrich hellgrauen Hundehitte Prozedur |Deckelfarbe
10700755	results/prompt_txt/Prompt10_de.txt	0	0	Tisch Energie Durchgange Eimachgies Senwarzer
10700756	results/prompt_txt/Prompt10_de.txt	0	0	Innere Schalte Achten Anfangstemperatur Schritte
10700757	results/prompt_txt/Prompt10_de.txt	0	0	Beachten Lufttemperatur Weis Starttemperatur
10700758	results/prompt_txt/Prompt10_de.txt	0	0	Beachten Diagramm Miss Thermometer Beschreibung
10700759	results/prompt_txt/Prompt10_de.txt	0	0	Senwarzer Verschluss-Farbe Thermometer Diagramm
10700760	results/prompt_txt/Prompt10_de.txt	0	0	Beachten Folgende Tisch Temperatur Experiment
10700761	results/prompt_txt/Prompt10_de.txt	0	0	Vorechlus Hundehiitte Farbauswahl Experiment
10700762	results/prompt_txt/Prompt10_de.txt	0	0	hellgrauen Folgende Tisch |Deckelfarbe Temperatur
10700763	results/prompt_txt/Prompt10_de.txt	0	0	Durchgange hellgrauen Energie Versuchsaufbau
10700764	results/prompt_txt/Prompt10_de.txt	0	0	Farben Innere Einmachglas Eimachgies Ergebnisse
10700765	results/prompt_txt/Prompt10_de.txt	0	0	Schalte Miss Minuten Schalte Thermometer Minuten
10700766	results/prompt_txt/Prompt10_de.txt	0	0	Beachten Farbe Eimachgies Berechne Weis Durchgange
10700767	results/prompt_txt/Prompt10_de.txt	0	0	Weis |Deckelfarbe Temperatur Farbe Thermometer
10700768	results/prompt_txt/Prompt10_de.txt	0	0	Einmachglases Farben Lampe Folgende Verschluss-Farbe
10700769	results/prompt_txt/Prompt10_de.txt	0	0	Schritte Temperatur Innentemperatur Hundehitte
10700770	results/prompt_txt/Prompt10_de.txt	0	0	Hundehütte Achten Stelle fiir Verschluss-Farbe
10700771	results/prompt_txt/Prompt10_de.txt	0	0	Senwarzer fiir Miss dunkelgrauen Schritte Achten
10700772	results/prompt_txt/Prompt10_de.txt	0	0	Folgende Vorechlus |Deckelfarbe Einmachglases
10700773	results/prompt_txt/Prompt10_de.txt	0	0	hellgrauen Aufgabe Glas Glas Platziere Miss Ergebnisse
10700774	results/prompt_txt/Prompt10_de.txt	0	0	Deckels Verschluss-Farbe Einmachglas Anfangstemperatur
10700775	results/prompt_txt/Prompt10_de.txt	0	0	Lufttemperatur Eimachgies Hypothese fiir Minuten
10700776	results/prompt_txt/Prompt10_de.txt	0	0	fiir Hundehiitte fiir Schalte Farben Platziere
10700777	results/prompt_txt/Prompt10_de.txt	0	0	Folgende Anstrich Anstrich Prozedur Achten Verschluss-Farbe
10700778	results/prompt_txt/Prompt10_de.txt	0	0	Achten Durchgang Innere Temperatur Senwarzer
10700779	results/prompt_txt/Prompt10_de.txt	0	0	Glas Berechne Schritte dunkelgrauen Folgende
10700780	results/prompt_txt/Prompt10_de.txt	0	0	Schritte Stelle Achten dunkelgrauen Folgende
10700781	results/prompt_txt/Prompt10_de.txt	0	0	Anstrich Hundehitte Hundehütte Weis Platziere
10700782	results/prompt_txt/Prompt10_de.txt	0	0	Vorechlus Berechne |Deckelfarbe Durchgange Berechne
10700783	results/prompt_txt/Prompt10_de.txt	0	0	Innentemperatur Vorechlus Schalte Innere Verschluss-Farbe
10700784	results/prompt_txt/Prompt10_de.txt	0	0	Senwarzer Beachten Weis Eimachgies Lampe Hypothese
10700785	results/prompt_txt/Prompt10_de.txt	0	0	Innentemperatur Anstrich Hundehütte Hundehütte
10700786	results/prompt_txt/Prompt10_de.txt	0	0	Glas Verschluss-Farbe Aufgabe Folgende Aufgabe
10700787	results/prompt_txt/Prompt10_de.txt	0	0	Frage fiir Weis Deckelfarbe Miss Beachten Platziere
10700788	results/prompt_txt/Prompt10_de.txt	0	0	Lufttemperaturinnerhalb Innere Eimachgies Lampe
10700789	results/prompt_txt/Prompt10_de.txt	0	0	Minuten Eimachgies Innentemperatur Durchgang
10700790	results/prompt_txt/Prompt10_de.txt	0	0	Prozedur Vorechlus Weis Experiment Anfangstemperatur
10700791	results/prompt_txt/Prompt10_de.txt	0	0	Prozedur Starttemperatur Lampe Ergebnisse Eimachgies
10700792	results/prompt_txt/Prompt10_de.txt	0	0	Daten Aufgabe |Deckelfarbe Ergebnisse Schritte
10700793	results/prompt_txt/Prompt10_de.txt	0	0	Farbauswahl Energie Farben Durchgang Frage Farbe
10700794	results/prompt_txt/Prompt10_de.txt	0	0	Anstrich Experiment Experiment Senwarzer Lufttemperatur
10700795	results/prompt_txt/Prompt10_de.txt	0	0	Lampe Tisch Aufgabe Frage Diagramm Vorechlus
10700796	results/prompt_txt/Prompt10_de.txt	0	0	Farbe Wiederhole |Deckelfarbe Energie Beschreibung
10700797	results/prompt_txt/Prompt10_de.txt	0	0	Thermometer Hellgrau Minuten hellgrauen Achten
10700798	results/prompt_txt/Prompt10_de.txt	0	0	Lufttemperatur Aufgabe Lampe Thermometer Innere
10700799	results/prompt_txt/Prompt10_de.txt	0	0	|Deckelfarbe Hundehitte Anfangstemperatur Energie
10700800	results/prompt_txt/Prompt10_de.txt	0	0	Versuchsaufbau Durchgang Deckelfarbe Innere Anfangstemperatur
10700801	results/prompt_txt/Prompt10_de.txt	0	0	Miss Platziere Folgende Lufttemperaturinnerhalb
10700802	results/prompt_txt/Prompt10_de.txt	0	0	Achten Beachten Vorechlus Hellgrau Prozedur Deckels
10700803	results/prompt_txt/Prompt10_de.txt	0	0	Berechne Einmachglas Einmachglases Wiederhole
10700804	results/prompt_txt/Prompt10_de.txt	0	0	Hundehitte Beachten Farbauswahl Energie Farbauswahl
10700805	results/prompt_txt/Prompt10_de.txt	0	0	|Deckelfarbe Platziere Lufttemperaturinnerhalb
10700806	results/prompt_txt/Prompt10_de.txt	0	0	Senwarzer Glas |Deckelfarbe Thermometer Experiment
10700807	results/prompt_txt/Prompt10_de.txt	0	0	Versuchsaufbau Versuchsaufbau Temperatur Lampe
10700808	results/prompt_txt/Prompt10_de.txt	0	0	Temperatur Hundehütte Deckels Durchgange Lufttemperaturinnerhalb
10700809	results/prompt_txt/Prompt10_de.txt	0	0	Experiment Schritte Beschreibung Deckels Aufgabe
10700810	results/prompt_txt/Prompt10_de.txt	0	0	Versuchsaufbau Platziere Experiment Senwarzer
10700811	results/prompt_txt/Prompt10_de.txt	0	0	Lufttemperatur Schritte Stelle Hundehütte Farbe
10700812	results/prompt_txt/Prompt10_de.txt	0	0	Beschreibung Objektes Hundehitte Versuchsaufbau
10700813	results/prompt_txt/Prompt10_de.txt	0	0	Anstrich Hypothese Deckels Eimachgies Anstrich
10700814	results/prompt_txt/Prompt10_de.txt	0	0	Anfangstemperatur Vorechlus Hundehitte Prozedur
10700815	results/prompt_txt/Prompt10_de.txt	0	0	Verschluss-Farbe Daten Glas Folgende Lufttemperatur
10700816	results/prompt_txt/Prompt10_de.txt	0	0	Glas Farbauswahl Energie Vorechlus Anstrich Verschluss-Farbe
10700817	results/prompt_txt/Prompt10_de.txt	0	0	Senwarzer Berechne Innentemperatur Hypothese
10700818	results/prompt_txt/Prompt10_de.txt	0	0	Experiment Temperatur Thermometer Innere Innere
10700819	results/prompt_txt/Prompt10_de.txt	0	0	Thermometer Objektes Weis Farbauswahl dunkelgrauen
10700820	results/prompt_txt/Prompt10_de.txt	0	0	Minuten Farben Hundehütte Anstrich Lufttemperaturinnerhalb
10700821	results/prompt_txt/Prompt10_de.txt	0	0	Beachten Farben Temperatur Innentemperatur Berechne
10700822	results/prompt_txt/Prompt10_de.txt	0	0	Minuten Farbe Folgende Beschreibung Durchgang
10700823	results/prompt_txt/Prompt10_de.txt	0	0	Weis Anstrich Farbauswahl Weis Daten Prozedur
10700824	results/prompt_txt/Prompt10_de.txt	0	0	Starttemperatur Energie Miss Farben Objektes
10700825	results/prompt_txt/Prompt10_de.txt	0	0	* Platziere Deckels Berechne Diagramm Hundehiitte
10700826	results/prompt_txt/Prompt10_de.txt	0	0	Lampe Stelle Farbauswahl Glas Miss Beachten Wiederhole
10700827	results/prompt_txt/Prompt10_de.txt	0	0	Deckels Einmachglas fiir Hellgrau Prozedur Frage
10700828	results/prompt_txt/Prompt10_de.txt	0	0	|Deckelfarbe hellgrauen Schalte |Deckelfarbe
10700829	results/prompt_txt/Prompt10_de.txt	0	0	Deckelfarbe Objektes Aufgabe Durchgang Glas Schritte
10700830	results/prompt_txt/Prompt10_de.txt	0	0	fiir Hundehütte Lampe Farbauswahl Einmachglas
10700831	results/prompt_txt/Prompt10_de.txt	0	0	Stelle Senwarzer Wiederhole Objektes Aufgabe
10700832	results/prompt_txt/Prompt10_de.txt	0	0	Frage Verschluss-Farbe Hellgrau Deckelfarbe Experiment
10700833	results/prompt_txt/Prompt10_de.txt	0	0	Anstrich Durchgange Folgende Miss Daten Hypothese
10700834	results/prompt_txt/Prompt10_de.txt	0	0	Platziere Farben Stelle Beachten Tisch Schalte
10700835	results/prompt_txt/Prompt10_de.txt	0	0	Tisch Lufttemperatur Weis Einmachglases Stelle
10700836	results/prompt_txt/Prompt10_de.txt	0	0	Platziere Hellgrau Frage Daten Farbe Farbe Experiment
10700837	results/prompt_txt/Prompt10_de.txt	0	0	Frage Farbe Platziere Hellgrau hellgrauen Lampe
10700838	results/prompt_txt/Prompt10_de.txt	0	0	Schritte fiir Energie Energie Anfangstemperatur
10700839	results/prompt_txt/Prompt10_de.txt	0	0	Durchgange Lufttemperatur Frage Folgende Stelle
10700840	results/prompt_txt/Prompt10_de.txt	0	0	Berechne Glas Tisch Farben Lampe Senwarzer Achten
10700841	results/prompt_txt/Prompt10_de.txt	0	0	dunkelgrauen Schritte Temperatur Hundehitte Anstrich
10700842	results/prompt_txt/Prompt10_de.txt	0	0	Minuten Diagramm Thermometer Anstrich Hundehütte
10700843	results/prompt_txt/Prompt10_de.txt	0	0	Daten Deckelfarbe Frage Durchgang Daten Folgende
10700844	results/prompt_txt/Prompt10_de.txt	0	0	Hundehütte Anstrich Beachten Energie fiir Lufttemperaturinnerhalb
10700845	results/prompt_txt/Prompt10_de.txt	0	0	* Thermometer Versuchsaufbau Thermometer Starttemperatur
10700846	results/prompt_txt/Prompt10_de.txt	0	0	Lufttemperatur Daten Anstrich Einmachglas Hundehitte
10700847	results/prompt_txt/Prompt10_de.txt	0	0	Deckelfarbe Thermometer Hundehitte Hundehiitte
10700848	results/prompt_txt/Prompt10_de.txt	0	0	Tisch Schritte Weis Farbe Schritte Farbauswahl
10700849	results/prompt_txt/Prompt10_de.txt	0	0	Platziere Hypothese Lufttemperaturinnerhalb Senwarzer
10700850	results/prompt_txt/Prompt10_de.txt	0	0	Hundehütte Thermometer Innere Achten Stelle Deckelfarbe
10700851	results/prompt_txt/Prompt10_de.txt	0	0	Lufttemperatur Schalte Prozedur Deckelfarbe Farben
10700852	results/prompt_txt/Prompt10_de.txt	0	0	Aufgabe Eimachgies Verschluss-Farbe Einmachglas
10700853	results/prompt_txt/Prompt10_de.txt	0	0	Folgende Tisch Vorechlus Deckelfarbe Eimachgies
10700854	results/prompt_txt/Prompt10_de.txt	0	0	Versuchsaufbau Berechne Tisch Hundehitte Schritte
10700855	results/prompt_txt/Prompt10_de.txt	0	0	Innentemperatur Hypothese Hundehütte Wiederhole
10700856	results/prompt_txt/Prompt10_de.txt	0	0	Minuten Eimachgies Vorechlus Weis Wiederhole
10700857	results/prompt_txt/Prompt10_de.txt	0	0	Lampe Beschreibung Lufttemperatur Schritte Stelle
10700858	results/prompt_txt/Prompt10_de.txt	0	0	Energie Glas Temperatur Objektes Minuten Energie
10700859	results/prompt_txt/Prompt10_de.txt	0	0	Anstrich Vorechlus Hundehütte Schritte |Deckelfarbe
10700860	results/prompt_txt/Prompt10_de.txt	0	0	Stelle Achten Aufgabe dunkelgrauen Platziere
10700861	results/prompt_txt/Prompt10_de.txt	0	0	Tisch Prozedur Verschluss-Farbe Hundehiitte Experiment
10700862	results/prompt_txt/Prompt10_de.txt	0	0	Berechne fiir Wiederhole Lufttemperaturinnerhalb
10700863	results/prompt_txt/Prompt10_de.txt	0	0	Aufgabe Achten fiir Schalte Eimachgies Miss Lampe
10700864	results/prompt_txt/Prompt10_de.txt	0	0	Einmachglases Hundehütte Experiment Weis |Deckelfarbe
10700865	results/prompt_txt/Prompt10_de.txt	0	0	Schritte Senwarzer Miss Lufttemperatur Hundehitte
10700866	results/prompt_txt/Prompt10_de.txt	0	0	Vorechlus Farbe Farbauswahl Hellgrau hellgrauen
10700867	results/prompt_txt/Prompt10_de.txt	0	0	Weis Deckelfarbe Stelle Beschreibung Anstrich
10700868	results/prompt_txt/Prompt10_de.txt	0	0	Weis Innere Beschreibung Lufttemperatur Achten
10700869	results/prompt_txt/Prompt10_de.txt	0	0	Beachten Innentemperatur Prozedur Diagramm Deckelfarbe
10700870	results/prompt_txt/Prompt10_de.txt	0	0	Ergebnisse Beschreibung Durchgange Hundehitte
10700871	results/prompt_txt/Prompt10_de.txt	0	0	|Deckelfarbe Deckels Hundehütte Hundehitte Platziere
10700872	results/prompt_txt/Prompt10_de.txt	0	0	Temperatur Farben Einmachglas Anstrich Weis Stelle
10700873	results/prompt_txt/Prompt10_de.txt	0	0	Durchgang Hypothese Vorechlus Weis Frage Hundehitte
10700874	results/prompt_txt/Prompt10_de.txt	0	0	Farbauswahl Vorechlus Frage Experiment Temperatur
10700875	results/prompt_txt/Prompt10_de.txt	0	0	Beachten Wiederhole Glas Platziere Einmachglas
10700876	results/prompt_txt/Prompt10_de.txt	0	0	Einmachglases Diagramm Einmachglases Hypothese
10700877	results/prompt_txt/Prompt10_de.txt	0	0	Eimachgies Eimachgies Durchgange Daten Lufttemperatur
10700878	results/prompt_txt/Prompt10_de.txt	0	0	Wiederhole Hellgrau Deckels Lampe Experiment
10700879	results/prompt_txt/Prompt10_de.txt	0	0	Hundehiitte Thermometer Wiederhole |Deckelfarbe
10700880	results/prompt_txt/Prompt10_de.txt	0	0	Durchgang Miss Vorechlus Innentemperatur Wiederhole
10700881	results/prompt_txt/Prompt10_de.txt	0	0	Hundehütte Innere Deckels Daten Thermometer Versuchsaufbau
10700882	results/prompt_txt/Prompt10_de.txt	0	0	Aufgabe Diagramm Eimachgies Deckelfarbe Deckelfarbe
10700883	results/prompt_txt/Prompt10_de.txt	0	0	Energie Tisch Starttemperatur Tisch Starttemperatur
10700884	results/prompt_txt/Prompt10_de.txt	0	0	Innere Lufttemperaturinnerhalb Hundehitte Temperatur
10700885	results/prompt_txt/Prompt10_de.txt	0	0	Glas Verschluss-Farbe Energie Eimachgies Versuchsaufbau
10700886	results/prompt_txt/Prompt10_de.txt	0	0	Innentemperatur Schalte Innentemperatur Hellgrau
10700887	results/prompt_txt/Prompt10_de.txt	0	0	Versuchsaufbau Farben Beschreibung |Deckelfarbe
10700888	results/prompt_txt/Prompt10_de.txt	0	0	Aufgabe Minuten Anstrich |Deckelfarbe Einmachglases
10700889	results/prompt_txt/Prompt10_de.txt	0	0	Einmachglas Vorechlus Einmachglases Innere Schalte
10700890	results/prompt_txt/Prompt10_de.txt	0	0	Beachten Hundehütte Temperatur Verschluss-Farbe
10700891	results/prompt_txt/Prompt10_de.txt	0	0	Thermometer Experiment Beachten Minuten Energie
10700892	results/prompt_txt/Prompt10_de.txt	0	0	Lufttemperaturinnerhalb Minuten Schalte Durchgange
10700893	results/prompt_txt/Prompt10_de.txt	0	0	Vorechlus Daten Wiederhole Platziere dunkelgrauen
10700894	results/prompt_txt/Prompt10_de.txt	0	0	Prozedur Energie Farbauswahl Prozedur Temperatur
10700895	results/prompt_txt/Prompt10_de.txt	0	0	Einmachglases Energie Farben Anfangstemperatur
10700896	results/prompt_txt/Prompt10_de.txt	0	0	Ergebnisse Deckelfarbe Tisch Farbe |Deckelfarbe
10700897	results/prompt_txt/Prompt10_de.txt	0	0	Lufttemperatur Senwarzer Glas Aufgabe Miss Durchgang
10700898	results/prompt_txt/Prompt10_de.txt	0	0	Hundehitte Frage Daten Experiment Lufttemperatur
10700899	results/prompt_txt/Prompt10_de.txt	0	0	Thermometer Versuchsaufbau Lampe |Deckelfarbe
10700900	results/prompt_txt/Prompt10_de.txt	0	0	Versuchsaufbau dunkelgrauen Experiment Experiment
10700901	results/prompt_txt/Prompt10_de.txt	0	0	dunkelgrauen Farbauswahl Glas Verschluss-Farbe
10700902	results/prompt_txt/Prompt10_de.txt	0	0	Beachten Energie Versuchsaufbau Senwarzer Tisch
10700903	results/prompt_txt/Prompt10_de.txt	0	0	Deckels Schritte Anstrich Anstrich Beachten Weis
10700904	results/prompt_txt/Prompt10_de.txt	0	0	Lufttemperaturinnerhalb Eimachgies Weis Schritte
10700905	results/prompt_txt/Prompt10_de.txt	0	0	|Deckelfarbe Starttemperatur Starttemperatur
10700906	results/prompt_txt/Prompt10_de.txt	0	0	Farbauswahl Lufttemperaturinnerhalb Ergebnisse
10700907	results/prompt_txt/Prompt10_de.txt	0	0	Farbe Stelle Weis Einmachglas Tisch Deckelfarbe
10700908	results/prompt_txt/Prompt10_de.txt	0	0	Prozedur Wiederhole Minuten Innere Thermometer
10700909	results/prompt_txt/Prompt10_de.txt	0	0	fiir Lufttemperaturinnerhalb dunkelgrauen Einmachglases
10700910	results/prompt_txt/Prompt10_de.txt	0	0	Innere Farben Vorechlus Lufttemperaturinnerhalb
10700911	results/prompt_txt/Prompt10_de.txt	0	0	Anstrich Senwarzer Prozedur Farbe Glas Lampe
10700912	results/prompt_txt/Prompt10_de.txt	0	0	Hundehütte Hypothese Prozedur Starttemperatur
10700913	results/prompt_txt/Prompt10_de.txt	0	0	Hundehütte Frage Platziere dunkelgrauen |Deckelfarbe
10700914	results/prompt_txt/Prompt10_de.txt	0	0	dunkelgrauen Frage |Deckelfarbe Versuchsaufbau
10700915	results/prompt_txt/Prompt10_de.txt	0	0	Achten Experiment Einmachglases Achten Temperatur
10700916	results/prompt_txt/Prompt10_de.txt	0	0	Hypothese Innere Farben Wiederhole Lufttemperaturinnerhalb
10700917	results/prompt_txt/Prompt10_de.txt	0	0	Deckels Farbe Verschluss-Farbe Senwarzer Eimachgies
10700918	results/prompt_txt/Prompt10_de.txt	0	0	Farbe Beschreibung Deckels Versuchsaufbau Durchgang
10700919	results/prompt_txt/Prompt10_de.txt	0	0	Versuchsaufbau Hypothese dunkelgrauen Achten
10700920	results/prompt_txt/Prompt10_de.txt	0	0	Aufgabe Experiment Durchgang Frage Deckelfarbe
10700921	results/prompt_txt/Prompt10_de.txt	0	0	Lufttemperatur Einmachglases Senwarzer |Deckelfarbe
10700922	results/prompt_txt/Prompt10_de.txt	0	0	Anfangstemperatur Hypothese Anstrich Lampe Senwarzer
10700923	results/prompt_txt/Prompt10_de.txt	0	0	Innentemperatur Energie fiir Miss Durchgange
10700924	results/prompt_txt/Prompt10_de.txt	0	0	Ergebnisse Berechne Energie Folgende Stelle Versuchsaufbau
10700925	results/prompt_txt/Prompt10_de.txt	0	0	Weis Anfangstemperatur Weis Hundehitte Ergebnisse
10700926	results/prompt_txt/Prompt10_de.txt	0	0	Farbauswahl Miss Versuchsaufbau Farbe Farben
10700927	results/prompt_txt/Prompt10_de.txt	0	0	fiir Achten Ergebnisse |Deckelfarbe Frage Diagramm
10700928	results/prompt_txt/Prompt10_de.txt	0	0	Schalte Versuchsaufbau Farbe Farbe Achten Senwarzer
10700929	results/prompt_txt/Prompt10_de.txt	0	0	Diagramm Diagramm Thermometer Eimachgies Achten
10700930	results/prompt_txt/Prompt10_de.txt	0	0	Beachten Farben Platziere Lampe Innentemperatur
10700931	results/prompt_txt/Prompt10_de.txt	0	0	Objektes Temperatur Diagramm Minuten Miss |Deckelfarbe
10700932	results/prompt_txt/Prompt10_de.txt	0	0	Berechne Lufttemperaturinnerhalb Vorechlus Hellgrau
10700933	results/prompt_txt/Prompt10_de.txt	0	0	Innentemperatur Beachten Thermometer Hundehitte
10700934	results/prompt_txt/Prompt10_de.txt	0	0	Senwarzer Minuten Platziere hellgrauen Innentemperatur
10700935	results/prompt_txt/Prompt10_de.txt	0	0	dunkelgrauen Farben Berechne Prozedur Minuten
10700936	results/prompt_txt/Prompt10_de.txt	0	0	Ergebnisse Hypothese Farbe Thermometer Ergebnisse
10700937	results/prompt_txt/Prompt10_de.txt	0	0	Anstrich Durchgang Minuten Farbauswahl Miss Lampe
10700938	results/prompt_txt/Prompt10_de.txt	0	0	Anstrich Durchgange Lufttemperatur Einmachglases
10700939	results/prompt_txt/Prompt10_de.txt	0	0	Wiederhole Achten dunkelgrauen Beachten Platziere
10700940	results/prompt_txt/Prompt10_de.txt	0	0	Schritte Deckels |Deckelfarbe Beschreibung Hellgrau
10700941	results/prompt_txt/Prompt10_de.txt	0	0	Farbe Experiment Miss Thermometer Hundehütte
10700942	results/prompt_txt/Prompt10_de.txt	0	0	dunkelgrauen Platziere Einmachglases Hundehiitte
10700943	results/prompt_txt/Prompt10_de.txt	0	0	Senwarzer Eimachgies Schalte Objektes Tisch Hypothese
10700944	results/prompt_txt/Prompt10_de.txt	0	0	Hundehiitte Hundehütte Experiment Hundehütte
10700945	results/prompt_txt/Prompt10_de.txt	0	0	Thermometer dunkelgrauen Innere Prozedur Hellgrau
10700946	results/prompt_txt/Prompt10_de.txt	0	0	Hundehütte Farben |Deckelfarbe Schalte Innere
10700947	results/prompt_txt/Prompt10_de.txt	0	0	Minuten Hundehiitte Farbauswahl Vorechlus Beschreibung
10700948	results/prompt_txt/Prompt10_de.txt	0	0	dunkelgrauen Objektes Vorechlus Hundehitte Hellgrau
10700949	results/prompt_txt/Prompt10_de.txt	0	0	Senwarzer Hundehiitte Innentemperatur Senwarzer
10700950	results/prompt_txt/Prompt10_de.txt	0	0	Vorechlus Tisch Berechne Innentemperatur Deckels
10700951	results/prompt_txt/Prompt10_de.txt	0	0	Energie Verschluss-Farbe Innentemperatur Farbe
10700952	results/prompt_txt/Prompt10_de.txt	0	0	Achten Innentemperatur Energie Durchgange Platziere
10700953	results/prompt_txt/Prompt10_de.txt	0	0	Hellgrau Achten Starttemperatur |Deckelfarbe
10700954	results/prompt_txt/Prompt10_de.txt	0	0	Versuchsaufbau Innere Beschreibung Miss Hellgrau
10700955	results/prompt_txt/Prompt10_de.txt	0	0	Versuchsaufbau Stelle Innentemperatur Farbe Hundehiitte
10700956	results/prompt_txt/Prompt10_de.txt	0	0	hellgrauen Berechne Tisch dunkelgrauen Hundehütte
10700957	results/prompt_txt/Prompt10_de.txt	0	0	Hellgrau Hundehiitte Berechne Energie Anfangstemperatur
10700958	results/prompt_txt/Prompt10_de.txt	0	0	Hellgrau Einmachglas Prozedur Durchgang Hellgrau
10700959	results/prompt_txt/Prompt10_de.txt	0	0	Prozedur Beschreibung Hundehütte Achten Beschreibung
10700960	results/prompt_txt/Prompt10_de.txt	0	0	Deckelfarbe Hundehitte Miss Innere Hellgrau Experiment
10700961	results/prompt_txt/Prompt10_de.txt	0	0	Verschluss-Farbe Ergebnisse Durchgange Einmachglases
10700962	results/prompt_txt/Prompt10_de.txt	0	0	Achten |Deckelfarbe Diagramm Eimachgies Hypothese
10700963	results/prompt_txt/Prompt10_de.txt	0	0	Glas Glas Beachten Farben Lampe Energie Daten
10700964	results/prompt_txt/Prompt10_de.txt	0	0	Achten Farbauswahl Minuten Anstrich Vorechlus
10700965	results/prompt_txt/Prompt10_de.txt	0	0	Lampe Wiederhole Farbauswahl Lufttemperatur Hundehütte
10700966	results/prompt_txt/Prompt10_de.txt	0	0	Weis Diagramm Folgende Deckelfarbe fiir Weis
10700967	results/prompt_txt/Prompt10_de.txt	0	0	Diagramm Innere fiir Farbe Farbauswahl Hundehitte
10700968	results/prompt_txt/Prompt10_de.txt	0	0	Farbe Berechne Lufttemperaturinnerhalb Experiment
10700969	results/prompt_txt/Prompt10_de.txt	0	0	Verschluss-Farbe Anfangstemperatur Miss Lampe
10700970	results/prompt_txt/Prompt10_de.txt	0	0	Eimachgies fiir Innere Deckelfarbe Lufttemperatur
10700971	results/prompt_txt/Prompt10_de.txt	0	0	Senwarzer hellgrauen Aufgabe Vorechlus Weis Hundehiitte
10700972	results/prompt_txt/Prompt10_de.txt	0	0	Durchgange Deckelfarbe Prozedur Wiederhole Durchgange
10700973	results/prompt_txt/Prompt10_de.txt	0	0	Minuten Starttemperatur |Deckelfarbe Schalte
10700974	results/prompt_txt/Prompt10_de.txt	0	0	Hundehitte Ergebnisse Achten Durchgange Energie
10700975	results/prompt_txt/Prompt10_de.txt	0	0	Aufgabe Deckels Ergebnisse dunkelgrauen Starttemperatur
10700976	results/prompt_txt/Prompt10_de.txt	0	0	Deckels Anstrich Starttemperatur Prozedur Farbauswahl
10700977	results/prompt_txt/Prompt10_de.txt	0	0	Stelle Hundehütte Einmachglases |Deckelfarbe
10700978	results/prompt_txt/Prompt10_de.txt	0	0	Anfangstemperatur Thermometer Starttemperatur
10700979	results/prompt_txt/Prompt10_de.txt	0	0	Temperatur Vorechlus Energie Senwarzer Lampe
10700980	results/prompt_txt/Prompt10_de.txt	0	0	Deckelfarbe Aufgabe Hundehiitte Versuchsaufbau
10700981	results/prompt_txt/Prompt10_de.txt	0	0	Deckels fiir Hellgrau Deckelfarbe Durchgang Beschreibung
10700982	results/prompt_txt/Prompt10_de.txt	0	0	Hundehütte Objektes Schritte Farbauswahl hellgrauen
10700983	results/prompt_txt/Prompt10_de.txt	0	0	Stelle Energie Wiederhole Weis Prozedur Achten
10700984	results/prompt_txt/Prompt10_de.txt	0	0	Einmachglases Prozedur Durchgang Verschluss-Farbe
10700985	results/prompt_txt/Prompt10_de.txt	0	0	Durchgang Deckelfarbe Prozedur fiir Starttemperatur
10700986	results/prompt_txt/Prompt10_de.txt	0	0	Berechne Innentemperatur Innentemperatur Deckels
10700987	results/prompt_txt/Prompt10_de.txt	0	0	Frage Hundehütte Frage Einmachglas Frage Hundehitte
10700988	results/prompt_txt/Prompt10_de.txt	0	0	Folgende Innentemperatur Aufgabe Berechne Starttemperatur
10700989	results/prompt_txt/Prompt10_de.txt	0	0	Innere dunkelgrauen Daten Aufgabe Glas Deckelfarbe
10700990	results/prompt_txt/Prompt10_de.txt	0	0	Einmachglases Farbe Lufttemperaturinnerhalb Stelle
10700991	results/prompt_txt/Prompt10_de.txt	0	0	Prozedur Vorechlus Temperatur Beschreibung Deckels
10700992	results/prompt_txt/Prompt10_de.txt	0	0	fiir Deckels Deckels Einmachglases Deckelfarbe
10700993	results/prompt_txt/Prompt10_de.txt	0	0	hellgrauen Durchgange Anstrich Folgende Miss
10700994	results/prompt_txt/Prompt10_de.txt	0	0	Schritte Innere Farben Stelle Deckels Ergebnisse
10700995	results/prompt_txt/Prompt10_de.txt	0	0	Durchgange Durchgang Minuten Stelle Energie Diagramm
10700996	results/prompt_txt/Prompt10_de.txt	0	0	Beachten Starttemperatur Tisch Frage Stelle Folgende
10700997	results/prompt_txt/Prompt10_de.txt	0	0	Versuchsaufbau Durchgange Farbauswahl Tisch Glas
10700998	results/prompt_txt/Prompt10_de.txt	0	0	dunkelgrauen Deckels Eimachgies Frage Energie
10700999	results/prompt_txt/Prompt10_de.txt	0	0	Energie Hypothese Aufgabe |Deckelfarbe Einmachglas
