label material procedure samples group material	0
label experiment experiment students containers	0
sample pieces water samples label students pieces	0
order pieces pieces samples material pieces Rain	0
table students container Rain containers investigation	0
pieces data minutes investigation mass samples	0
sample experiment containers students minutes	0
information vinegar Rain water information procedure	0
students water data Rain students hours order	0
mass data table containers experiment containers	0
container material order order group experiment	0
container table investigation container pieces	0
investigation samples experiment group procedure	0
Rain samples containers pieces container container	0
group minutes Rain group hours vinegar experiment	0
experiment material material group minutes container	0
mass vinegar information container information	0
information hours procedure pieces container	0
investigation label mass Rain students hours	0
order container material data students label	0
minutes group sample information information	0
hours experiment data group sample students Rain	0
table hours vinegar table mass water mass minutes	0
table students order hours students sample procedure	0
table sample information label group investigation	0
material experiment container containers information	0
samples vinegar table vinegar group label label	0
pieces label mass table material vinegar students	0
sample table students table procedure sample	0
data Rain vinegar container label vinegar sample	0
table vinegar samples investigation material	0
order data group water mass material samples	0
Rain experiment experiment label material information	0
pieces investigation information sample investigation	0
sample mass container mass students students	0
pieces data vinegar Rain students experiment	0
containers water pieces mass water group students	0
students containers information order hours data	0
information procedure samples containers data	0
table investigation samples hours water minutes	0
mass water table material vinegar students order	0
investigation data students Rain containers pieces	0
material label container group group investigation	0
samples investigation data pieces water material	0
order samples mass containers mass material containers	0
information label water samples material samples	0
data information container container label procedure	0
label vinegar minutes container material students	0
hours Rain table table samples students procedure	0
investigation students investigation pieces Rain	0
pieces procedure mass information investigation	0
vinegar minutes containers experiment water group	0
sample mass vinegar containers group material	0
label minutes mass experiment students mass container	0
water Rain table vinegar containers table containers	0
hours procedure pieces group vinegar container	0
mass experiment label procedure containers information	0
minutes vinegar sample containers water investigation	0
group container data data hours procedure table	0
order students label order samples vinegar students	0
procedure label hours water information investigation	0
sample material container investigation material	0
minutes container pieces students samples water	0
group experiment group label label water mass	0
Rain information investigation information label	0
Rain minutes investigation label order sample	0
sample sample procedure containers experiment	0
experiment pieces minutes samples water minutes	0
group samples table sample material table containers	0
pieces container Rain vinegar hours information	0
Rain container water mass samples experiment	0
label label water Rain hours container label	0
water group investigation experiment containers	0
container order mass pieces containers mass sample	0
hours data procedure investigation material samples	0
students water water information sample group	0
pieces sample minutes mass pieces procedure Rain	0
samples experiment pieces container material	0
label samples investigation information order	0
group material material label vinegar procedure	0
water group experiment hours investigation hours	0
hours investigation Rain data information pieces	0
material students procedure minutes water order	0
samples hours label data samples label group	0
data minutes hours procedure sample label information	0
vinegar sample information minutes order investigation	0
order pieces water container Rain sample samples	0
procedure group vinegar information containers	0
containers samples order table data table mass	0
container material group mass sample procedure	0
table containers table material procedure data	0
sample order container table label label students	0
minutes minutes minutes mass water investigation	0
investigation container pieces material group	0
pieces hours group students Rain material hours	0
pieces hours containers Rain vinegar mass minutes	0
data experiment material minutes information	0
data data water information water pieces minutes	0
group data hours container data data hours vinegar	0
information pieces students mass material information	0
data samples group minutes mass containers sample	0
order containers Rain investigation table investigation	0
Rain pieces information Rain water samples label	0
label information minutes group table information	0
samples group information hours data investigation	0
material data hours material pieces water order	0
experiment Rain information containers information	0
group mass students vinegar investigation experiment	0
information water order material hours investigation	0
data label vinegar container pieces minutes water	0
mass procedure sample vinegar container label	0
order mass Rain samples label Rain samples order	0
data vinegar investigation label procedure vinegar	0
order students water vinegar data label sample	0
procedure water pieces information group containers	0
vinegar label order experiment data group water	0
hours vinegar minutes samples mass vinegar procedure	0
students containers information data mass students	0
container experiment label container hours containers	0
material container material mass information	0
procedure experiment samples order data mass	0
mass water container water label sample investigation	0
minutes container water table data pieces samples	0
mass minutes label minutes sample procedure water	0
table experiment group material hours mass containers	0
group data table material order mass sample order	0
sample investigation order sample investigation	0
table vinegar procedure mass sample mass vinegar	0
sample data label vinegar table containers table	0
experiment data vinegar data procedure students	0
Rain water order Rain information label hours	0
label mass label container water mass order samples	0
investigation container containers samples water	0
students group table investigation water table	0
sample data water vinegar table samples label	0
samples Rain investigation containers information	0
Rain experiment container water order students	0
containers sample investigation students Rain	0
mass group sample mass samples data group information	0
investigation Rain label table Rain label information	0
water material investigation experiment vinegar	0
procedure water minutes procedure order sample	0
minutes procedure students label information	0
sample pieces water group pieces containers samples	0
pieces container label procedure pieces procedure	0
mass label pieces samples samples procedure procedure	0
group table order pieces mass order vinegar students	0
procedure hours procedure sample samples data	0
table label procedure sample label hours samples	0
order order experiment table information label	0
sample samples containers samples material samples	0
minutes investigation procedure students label	0
sample containers container table table pieces	0
vinegar vinegar samples table group Rain table	0
containers container group container experiment	0
students minutes material container pieces pieces	0
mass mass group container students pieces samples	0
table group container experiment order procedure	0
water students water samples label hours minutes	0
group group experiment investigation sample sample	0
mass group investigation experiment order table	0
data students container data pieces hours containers	0
pieces order table mass investigation minutes	0
group samples procedure mass sample data vinegar	0
group information sample investigation investigation	0
vinegar minutes Rain Rain group container information	0
water experiment investigation vinegar procedure	0
group water container material information data	0
data order table Rain vinegar sample mass investigation	0
vinegar water mass group mass table information	0
experiment group group experiment water containers	0
order containers experiment hours sample experiment	0
minutes procedure information order label water	0
procedure water minutes water vinegar students	0
information group sample group label containers	0
pieces samples hours container Rain group samples	0
label minutes pieces table mass order students	0
container order water sample samples containers	0
data container containers experiment water samples	0
hours order information sample students group	0
mass water information samples procedure containers	0
order data Rain investigation container experiment	0
hours vinegar material order Rain table containers	0
label experiment mass mass group experiment label	0
containers material minutes information mass	0
material information data vinegar containers	0
students information students water mass Rain	0
containers samples investigation container order	0
containers order group order mass data samples	0
information table hours material Rain pieces	0
Rain Rain Rain table mass hours sample information	0
table pieces procedure information mass label	0
material water procedure experiment containers	0
order table table students sample information	0
containers experiment material material students	0
Rain material label containers material Rain	0
water water table students hours Rain material	0
sample investigation containers sample hours	0
experiment container investigation label water	0
data label Rain mass containers material samples	0
information Rain water hours samples group students	0
order data sample Rain samples vinegar information	0
water mass order Rain investigation pieces hours	0
order samples material water container pieces	0
investigation experiment containers investigation	0
order table samples vinegar Rain minutes students	0
label students container order sample material	0
minutes group material procedure data experiment	0
vinegar water procedure material data order hours	0
samples data table water material label group	0
students hours order container group samples	0
information students pieces order mass information	0
material vinegar data samples data group order	0
information minutes group information material	0
label table vinegar table vinegar students pieces	0
hours data investigation container mass sample	0
procedure mass experiment hours containers container	0
vinegar label material container procedure table	0
procedure students data experiment experiment	0
water students container students experiment	0
investigation mass containers containers table	0
group procedure mass container procedure hours	0
material students students Rain label pieces	0
label students samples order pieces information	0
procedure label vinegar label group data samples	0
students minutes procedure data pieces table	0
minutes students container samples group water	0
water procedure table information experiment	0
table experiment hours containers mass pieces	0
minutes experiment table vinegar table containers	0
pieces table group investigation containers material	0
water order students students procedure Rain	0
sample order samples students data hours label	0
label procedure hours investigation container	0
data experiment experiment label vinegar pieces	0
mass students material procedure pieces procedure	0
material containers water students sample samples	0
data water group mass minutes material containers	0
investigation pieces container samples vinegar	0
mass water pieces hours students vinegar order	0
container container material minutes group investigation	0
sample water mass students label label investigation	0
students container vinegar mass group mass water	0
material experiment containers minutes material	0
label students students hours water table label	0
hours Rain material container procedure data	0
data experiment investigation order minutes sample	0
procedure containers investigation data procedure	0
containers label investigation order water hours	0
material sample samples mass procedure vinegar	0
label label group sample procedure pieces label	0
table hours samples order Rain vinegar minutes	0
minutes table container samples group procedure	0
mass minutes samples hours procedure material	0
investigation label container material vinegar	0
data group sample vinegar container samples minutes	0
material samples procedure group minutes investigation	0
investigation investigation water procedure label	0
water students samples water water samples material	0
experiment sample table information container	0
information mass samples students water group	0
hours data pieces data information data procedure	0
investigation students container sample mass	0
material order pieces hours containers investigation	0
information pieces information hours Rain order	0
Rain containers information water hours vinegar	0
investigation Rain order container containers	0
label information procedure container Rain students	0
order procedure sample material containers water	0
Rain table pieces order experiment information	0
label vinegar label information group group information	0
vinegar containers container pieces samples table	0
Rain sample vinegar hours experiment information	0
experiment material pieces data material vinegar	0
sample mass table group containers container	0
information pieces experiment table minutes samples	0
containers water mass group students investigation	0
material material material Rain investigation	0
vinegar containers containers investigation group	0
hours sample data pieces material mass experiment	0
order minutes experiment containers water material	0
investigation sample investigation container	0
pieces label information Rain hours vinegar samples	0
container vinegar information samples data students	0
order container procedure data Rain procedure	0
material experiment minutes water containers	0
containers water minutes material containers	0
minutes data container group investigation information	0
minutes order students pieces investigation Rain	0
investigation samples procedure table samples	0
water vinegar water investigation hours vinegar	0
samples hours samples order information material	0
minutes sample vinegar data pieces sample information	0
investigation students data vinegar water containers	0
containers sample order data material hours vinegar	0
students information order experiment students	0
pieces order pieces group vinegar investigation	0
pieces minutes container investigation vinegar	0
group table Rain order label table table investigation	0
experiment water material water Rain hours table	0
data samples water Rain minutes information sample	0
label data label order container container label	0
Rain pieces group group experiment container	0
students label data material mass procedure hours	0
vinegar information group order mass hours experiment	0
containers material information order mass minutes	0
investigation data water vinegar group Rain label	0
procedure material Rain students vinegar sample	0
hours sample group experiment investigation experiment	0
label water group containers procedure students	0
minutes order procedure students sample experiment	0
material table procedure pieces containers vinegar	0
mass label container minutes label procedure	0
container procedure data samples material hours	0
order data samples water procedure minutes students	0
mass mass data mass order order investigation	0
water group label experiment order pieces container	0
pieces containers students minutes container	0
pieces mass vinegar vinegar Rain vinegar table	0
students sample experiment hours samples water	0
water experiment material vinegar experiment	0
experiment label label investigation sample water	0
order investigation procedure information water	0
Rain Rain students pieces samples students students	0
table mass Rain investigation group students	0
Rain material vinegar label hours water group	0
table containers sample data sample information	0
students investigation sample containers containers	0
order sample investigation order procedure material	0
investigation order information material sample	0
students sample group material information hours	0
information order Rain experiment students water	0
samples table samples material sample sample	0
label water order sample samples Rain label containers	0
container investigation vinegar vinegar Rain	0
vinegar table data vinegar hours order Rain sample	0
pieces water Rain group material label order	0
label information investigation containers samples	0
minutes label information samples group minutes	0
students information minutes material mass order	0
sample vinegar table data material Rain samples	0
minutes table containers material order sample	0
students sample water hours data sample material	0
order students sample pieces Rain samples samples	0
students information information data procedure	0
hours data vinegar pieces Rain sample students	0
label label vinegar material vinegar water order	0
data procedure order pieces pieces table water	0
group experiment group hours group order container	0
group order pieces mass data label mass pieces	0
container Rain samples Rain sample order pieces	0
information mass Rain Rain experiment vinegar	0
containers data data minutes investigation investigation	0
vinegar samples material vinegar information	0
pieces water procedure minutes experiment hours	0
table students samples investigation material	0
table students minutes minutes students experiment	0
order data mass minutes Rain information sample	0
label containers container containers samples	0
mass hours material order material information	0
order label sample data investigation Rain table	0
samples table vinegar water mass students table	0
hours table mass table container group material	0
table order students data table mass material	0
container procedure students procedure pieces	0
container water table vinegar investigation water	0
pieces label hours mass experiment procedure	0
investigation procedure Rain mass information	0
order label sample sample data minutes information	0
pieces label data container experiment experiment	0
data table data order sample container sample	0
mass group order information sample label pieces	0
material vinegar experiment sample data students	0
order table pieces containers group table hours	0
information sample investigation hours minutes	0
minutes table Rain material vinegar data samples	0
information procedure container samples hours	0
material pieces Rain vinegar students mass information	0
procedure mass table hours pieces containers	0
pieces group containers pieces container samples	0
sample sample containers Rain label minutes students	0
water mass container information students experiment	0
information procedure minutes containers containers	0
minutes label material material minutes experiment	0
samples Rain table students pieces hours water	0
vinegar mass water experiment pieces investigation	0
material Rain students Rain procedure group pieces	0
container procedure mass experiment container	0
sample Rain students minutes students mass vinegar	0
vinegar water samples label group investigation	0
students experiment students containers data	0
data students group samples procedure procedure	0
minutes Rain label containers container label	0
water samples data order investigation students	0
students vinegar procedure label pieces data	0
mass Rain samples container vinegar students	0
experiment minutes table hours procedure minutes	0
table water data sample minutes vinegar water	0
students experiment table experiment pieces Rain	0
order mass pieces students procedure students	0
vinegar table group investigation data Rain table	0
sample water containers hours minutes vinegar	0
hours material students order water procedure	0
data containers Rain vinegar pieces order vinegar	0
table table students order water order sample	0
order minutes group investigation data information	0
students pieces minutes investigation Rain material	0
pieces investigation Rain investigation procedure	0
information data table hours pieces water information	0
students containers samples order data information	0
order students minutes investigation sample group	0
information water minutes label order students	0
mass sample students label containers samples	0
material vinegar hours label procedure students	0
minutes material pieces data table Rain material	0
container sample pieces information material	0
data investigation samples samples container	0
mass container pieces information vinegar Rain	0
investigation container data sample table hours	0
pieces group material minutes hours container	0
table containers procedure investigation label	0
vinegar vinegar vinegar label group information	0
pieces pieces vinegar hours group hours group	0
information data procedure group label vinegar	0
minutes pieces material experiment label container	0
samples information information sample group	0
container containers sample pieces vinegar sample	0
order order vinegar procedure data containers	0
order mass mass Rain students samples students	0
investigation Rain order Rain minutes group mass	0
hours investigation vinegar data water group	0
experiment group container mass label mass pieces	0
minutes students table water students minutes	0
label experiment procedure water containers pieces	0
vinegar data minutes data container water experiment	0
experiment sample container samples Rain investigation	0
table group group order minutes water container	0
experiment procedure containers material students	0
water samples Rain procedure data Rain experiment	0
procedure table students material experiment	0
Rain pieces pieces label procedure samples sample	0
water hours experiment water minutes table students	0
pieces pieces experiment order sample information	0
samples vinegar mass pieces experiment material	0
investigation procedure material table water	0
samples container Rain sample table water hours	0
samples students containers containers label	0
sample vinegar students order material order	0
order water table water containers container	0
order table information students pieces pieces	0
material water sample containers water group	0
procedure data information procedure order water	0
order material container experiment order sample	0
containers experiment sample procedure investigation	0
hours information group water procedure vinegar	0
order investigation procedure samples students	0
data table procedure table table container samples	0
students data hours water Rain experiment group	0
data container water sample minutes information	0
sample order material hours group material procedure	0
containers sample experiment pieces students	0
hours experiment pieces students Rain procedure	0
Rain information label pieces water information	0
samples sample material mass order container	0
label samples table table material hours hours	0
label sample label label material samples experiment	0
Rain minutes investigation investigation sample	0
container material students sample material order	0
minutes experiment material pieces Rain order	0
information label label minutes procedure mass	0
hours group investigation container label Rain	0
minutes material hours procedure containers order	0
label table procedure hours vinegar label samples	0
pieces samples hours container Rain table Rain	0
sample Rain containers group experiment sample	0
data experiment information vinegar mass mass	0
investigation order information water investigation	0
investigation table samples water sample order	0
vinegar group Rain mass order information minutes	0
group investigation containers order minutes	0
data investigation vinegar samples procedure	0
vinegar table container pieces samples material	0
group group group label hours sample sample group	0
information Rain hours data material experiment	0
information hours investigation mass procedure	0
pieces information mass vinegar investigation	0
minutes data students table mass mass label group	0
investigation students containers procedure mass	0
samples material Rain container minutes vinegar	0
investigation mass table vinegar procedure information	0
experiment water label material material data	0
experiment students vinegar pieces container	0
order vinegar Rain container material procedure	0
information material vinegar procedure label	0
vinegar information sample data Rain students	0
label hours group Rain hours samples group data	0
samples label vinegar group pieces students group	0
pieces procedure sample containers container	0
Rain label group water Rain table water samples	0
label label experiment group label information	0
group Rain data experiment water sample Rain	0
investigation container material procedure experiment	0
hours students investigation group label hours	0
samples mass information table information minutes	0
experiment sample label water vinegar experiment	0
label investigation students experiment label	0
material students vinegar containers investigation	0
data experiment experiment experiment label vinegar	0
mass group sample containers investigation containers	0
container Rain procedure vinegar label group	0
container containers experiment table data hours	0
hours water hours label pieces data table order	0
sample Rain information procedure pieces hours	0
label label container Rain hours information	0
mass minutes Rain hours information vinegar students	0
label mass procedure water hours water group	0
vinegar containers samples material containers	0
students samples table mass investigation information	0
label mass label samples information Rain label	0
investigation order Rain label investigation	0
sample information mass container sample Rain	0
data hours data label group students hours samples	0
order procedure minutes water minutes containers	0
label data water water label Rain minutes containers	0
container minutes container material water water	0
procedure material samples container procedure	0
data containers label group Rain mass minutes	0
water hours vinegar samples label material label	0
mass experiment material water experiment group	0
mass students table Rain water mass order material	0
order students order container table containers	0
minutes sample vinegar minutes containers information	0
order container containers label minutes hours	0
Rain procedure samples pieces mass material Rain	0
experiment label experiment container information	0
material Rain samples label experiment information	0
mass minutes samples label experiment table data	0
minutes container material mass container Rain	0
containers information mass container students	0
information containers data table data minutes	0
label vinegar material vinegar data vinegar procedure	0
label information table Rain containers Rain	0
experiment material minutes container order samples	0
pieces containers label table vinegar minutes	0
mass vinegar experiment table sample material	0
table container container material vinegar material	0
container pieces experiment information order	0
data order pieces order minutes label minutes	0
order mass container minutes water mass label	0
material water vinegar material hours containers	0
sample pieces container data sample vinegar containers	0
group container container material students material	0
label samples water investigation vinegar mass	0
group order water data containers pieces information	0
data container vinegar students mass sample Rain	0
material hours hours label label experiment Rain	0
students sample containers students water minutes	0
information investigation samples pieces information	0
procedure Rain experiment table information students	0
container container procedure container sample	0
water sample hours material experiment group	0
table minutes experiment containers mass label	0
Rain group containers Rain vinegar container	0
information mass table hours container containers	0
label mass order experiment containers order	0
container mass students students data investigation	0
students data containers Rain students material	0
experiment sample Rain information container	0
experiment mass sample investigation mass container	0
vinegar containers minutes order investigation	0
information data vinegar pieces mass mass data	0
students vinegar procedure data table label pieces	0
hours investigation water data investigation	0
hours minutes vinegar samples container Rain	0
mass order container information table experiment	0
containers data hours information containers	0
procedure table pieces material label sample	0
pieces order order table experiment students	0
procedure table mass vinegar group procedure	0
group data procedure vinegar mass vinegar minutes	0
sample label students table containers water	0
order investigation order hours sample investigation	0
data pieces information procedure order vinegar	0
water data sample minutes containers investigation	0
experiment label minutes vinegar minutes order	0
containers data group pieces data order water	0
minutes containers label mass information samples	0
experiment table information procedure information	0
data investigation students label minutes group	0
information table table mass hours sample hours	0
sample group order group mass minutes sample	0
table group Rain procedure pieces minutes hours	0
samples order experiment mass material label	0
experiment label minutes students hours samples	0
pieces material material Rain minutes samples	0
data samples Rain students samples group hours	0
container procedure water data students material	0
label hours mass container container experiment	0
samples hours containers pieces Rain pieces hours	0
minutes sample information information investigation	0
material pieces mass label minutes procedure	0
pieces minutes procedure students mass containers	0
order Rain hours label students procedure table	0
vinegar hours procedure investigation information	0
sample containers order water vinegar minutes	0
experiment sample sample material mass minutes	0
label experiment container vinegar material minutes	0
Rain investigation experiment table pieces order	0
containers containers minutes water procedure	0
containers table order hours Rain investigation	0
minutes container water samples minutes procedure	0
investigation label investigation group material	0
vinegar container data label experiment containers	0
mass procedure Rain Rain label group pieces procedure	0
table minutes hours investigation material minutes	0
data investigation mass material pieces information	0
pieces group material order students pieces experiment	0
order vinegar information sample sample hours	0
containers Rain hours investigation vinegar vinegar	0
container procedure Rain containers sample sample	0
container experiment students experiment data	0
group mass water samples container table order	0
order group minutes container containers vinegar	0
Rain sample information material samples order	0
group investigation minutes vinegar minutes procedure	0
sample procedure experiment containers vinegar	0
material students experiment table procedure	0
pieces material data water sample investigation	0
table containers mass containers material vinegar	0
material containers Rain data procedure Rain	0
containers table table material investigation	0
vinegar minutes mass order students pieces information	0
mass procedure experiment sample samples material	0
label containers label table sample mass pieces	0
vinegar procedure minutes students water samples	0
students table experiment hours table table investigation	0
vinegar vinegar students containers water table	0
data pieces samples container container experiment	0
minutes investigation container label experiment	0
samples water table label mass mass Rain samples	0
hours group sample label containers label container	0
information containers procedure containers label	0
water container label material vinegar minutes	0
procedure samples information label sample samples	0
hours mass Rain samples students water vinegar	0
hours sample label mass data container table	0
Rain investigation container water experiment	0
hours procedure Rain sample vinegar label investigation	0
containers water sample procedure material Rain	0
information mass procedure minutes data material	0
table table mass procedure vinegar label label	0
minutes students procedure data material table	0
mass sample minutes container hours containers	0
vinegar sample material container information	0
sample vinegar water water experiment information	0
table students material data investigation mass	0
sample group group water experiment Rain minutes	0
containers data vinegar information Rain data	0
samples procedure data vinegar procedure sample	0
information container container mass Rain sample	0
procedure containers containers minutes experiment	0
table data group investigation container Rain	0
containers data label Rain material minutes order	0
investigation sample experiment table investigation	0
procedure material samples sample samples mass	0
label pieces container students information mass	0
sample order data Rain container samples water	0
sample information material pieces pieces order	0
container containers containers Rain mass minutes	0
investigation pieces students Rain order mass	0
pieces students pieces table containers information	0
container table table group hours Rain Rain order	0
experiment data information experiment order	0
group label vinegar procedure information container	0
containers water pieces data water vinegar Rain	0
label procedure samples container mass investigation	0
group mass material sample table data label information	0
mass containers experiment group water order	0
order procedure label investigation investigation	0
table table data table pieces label investigation	0
containers Rain Rain containers procedure label	0
mass pieces experiment hours label containers	0
data students data material procedure mass experiment	0
water sample samples order hours hours container	0
students label water minutes table samples label	0
samples mass Rain samples students material water	0
samples information water investigation group	0
order group students sample students experiment	0
table sample container water containers mass	0
order vinegar minutes table table pieces table	0
mass information Rain vinegar data hours procedure	0
hours students group pieces pieces group sample	0
order material containers containers hours students	0
order water sample experiment hours investigation	0
water samples Rain table sample vinegar material	0
mass students information order experiment containers	0
vinegar minutes data procedure experiment data	0
information order Rain water data data order	0
procedure hours material Rain hours sample label	0
experiment students mass procedure Rain experiment	0
vinegar Rain Rain minutes samples label investigation	0
data pieces hours experiment pieces investigation	0
investigation samples label students experiment	0
container Rain samples hours material students	0
students Rain water order order minutes material	0
order container material sample table container	0
data container data students hours minutes sample	0
minutes water data container order experiment	0
investigation investigation group vinegar students	0
samples investigation sample group pieces label	0
water minutes data sample Rain hours group students	0
minutes investigation procedure containers information	0
hours pieces sample mass samples mass container	0
group material containers investigation material	0
water mass container vinegar procedure mass Rain	0
water material students procedure students hours	0
experiment data Rain mass order minutes group	0
label procedure information Rain water sample	0
table mass hours material Rain Rain students	0
order water group samples samples experiment	0
investigation containers hours table table container	0
order containers order mass samples group table	0
experiment mass containers sample students material	0
samples information sample container Rain water	0
water vinegar material material container procedure	0
containers material sample information container	0
samples sample hours data water material containers	0
samples order vinegar procedure students Rain	0
containers investigation Rain container water	0
order investigation experiment minutes data investigation	0
information minutes hours investigation information	0
minutes procedure investigation table procedure	0
experiment container information water order	0
label pieces minutes container procedure minutes	0
water water minutes pieces mass Rain label minutes	0
table investigation mass container vinegar information	0
students table label table vinegar information	0
samples label investigation material samples	0
mass container students data students information	0
group minutes mass Rain containers experiment	0
group mass order investigation investigation	0
data water water water experiment information	0
students experiment experiment group vinegar	0
sample table minutes material Rain label group	0
experiment vinegar sample sample containers experiment	0
order water pieces minutes procedure pieces water	0
material water order label vinegar information	0
procedure container procedure mass data table	0
students containers group minutes Rain group	0
label samples pieces samples experiment group	0
vinegar container material investigation minutes	0
label label mass pieces Rain investigation mass	0
Rain mass material order minutes label group	0
group Rain procedure experiment pieces table	0
mass data pieces material information pieces	0
minutes material experiment container material	0
procedure investigation samples data material	0
students hours water data procedure data hours	0
information pieces order Rain containers information	0
hours vinegar table students pieces label investigation	0
container pieces material procedure container	0
information table table minutes mass information	0
experiment Rain information procedure samples	0
container order order container water container	0
order information vinegar containers sample hours	0
Rain pieces hours containers water containers	0
table mass label hours procedure table table	0
label group samples investigation label containers	0
water water container samples material data investigation	0
mass vinegar data information containers samples	0
label pieces water pieces water data containers	0
material procedure information experiment hours	0
mass pieces mass minutes containers water material	0
pieces data experiment information order table	0
group mass procedure label procedure sample material	0
investigation pieces experiment procedure containers	0
water procedure students group sample hours information	0
information investigation material experiment	0
pieces group material vinegar mass minutes data	0
material group hours students information table	0
label vinegar mass Rain mass procedure hours	0
water container data material hours table investigation	0
pieces data samples table sample sample container	0
minutes group mass table procedure minutes table	0
Rain material hours container data minutes container	0
mass pieces group students information order	0
container minutes order Rain label information	0
table group hours sample vinegar group label	0
investigation information information group procedure	0
containers order sample experiment order samples	0
label containers container material students	0
samples group containers minutes Rain label vinegar	0
vinegar pieces students mass group minutes information	0
water containers samples mass vinegar material	0
group vinegar order order pieces order students	0
order investigation containers order Rain water	0
investigation vinegar group order table procedure	0
mass label hours water material Rain vinegar	0
order water group label investigation experiment	0
Rain experiment containers investigation water	0
hours Rain samples water order mass experiment	0
investigation containers container experiment	0
procedure experiment experiment material Rain	0
vinegar label Rain containers samples minutes	0
pieces investigation container label data investigation	0
investigation minutes information minutes experiment	0
containers data procedure sample material mass	0
pieces group order information pieces water experiment	0
sample information label containers experiment	0
order container samples data information minutes	0
data order sample label procedure Rain mass minutes	0
samples order investigation investigation procedure	0
material data sample minutes label experiment	0
mass material experiment mass data sample samples	0
vinegar group table mass minutes group pieces	0
hours table order group Rain data students students	0
procedure sample procedure pieces students label	0
samples vinegar data students water samples data	0
table data pieces Rain samples investigation	0
water containers experiment vinegar students	0
order order minutes containers containers material	0
Rain hours containers information data hours	0
information material table procedure material	0
label procedure table mass container sample label	0
container information procedure container mass	0
sample hours label water procedure water investigation	0
hours material Rain investigation experiment	0
containers minutes investigation table hours	0
Rain students experiment investigation pieces	0
minutes minutes sample investigation investigation	0
mass water table procedure sample material samples	0
students samples vinegar water hours mass order	0
sample vinegar table vinegar information students	0
experiment investigation water mass Rain minutes	0
pieces vinegar information group experiment pieces	0
group group procedure samples container table	0
material data students information minutes label	0
students procedure minutes minutes water students	0
information pieces students minutes container	0
procedure vinegar investigation students pieces	0
experiment group pieces label table Rain label	0
mass water material information material order	0
information label students students water water	0
water group container containers hours table	0
material students data container label sample	0
data students water sample table investigation	0
table data container containers group hours label	0
container data data mass information containers	0
hours experiment containers group containers	0
minutes investigation hours data water mass data	0
label students information vinegar hours procedure	0
data material students pieces table water container	0
order water hours sample material sample information	0
material procedure sample table samples mass	0
information group students material hours samples	0
minutes pieces water Rain material sample students	0
sample table mass mass Rain samples label sample	0
samples group hours information material Rain	0
experiment water samples vinegar vinegar water	0
table vinegar order pieces vinegar mass label	0
order group order information containers minutes	0
hours information water containers data order	0
material order procedure procedure label water	0
sample procedure containers sample procedure	0
procedure data sample experiment data material	0
procedure minutes hours order vinegar samples	0
vinegar order students label mass table group	0
vinegar information material order vinegar experiment	0
water container order label experiment label	0
information samples group experiment water order	0
students pieces students mass order containers	0
samples order experiment water experiment containers	0
water order group water group minutes Rain information	0
water material information Rain samples Rain	0
label sample group students mass hours container	0
container table label minutes experiment minutes	0
group material samples material table procedure	0
Rain Rain students water table pieces vinegar	0
procedure sample mass containers students mass	0
mass minutes group water investigation group	0
mass investigation label vinegar pieces pieces	0
group samples container containers samples students	0
container procedure sample container containers	0
pieces containers order label sample water experiment	0
containers data material investigation container	0
order label Rain group pieces group group vinegar	0
mass vinegar sample hours Rain order container	0
sample information experiment sample procedure	0
container containers experiment experiment students	0
experiment investigation containers hours Rain	0
experiment information containers sample information	0
pieces order data experiment experiment containers	0
experiment samples order minutes pieces data	0
data investigation group hours procedure procedure	0
information information information Rain hours	0
container sample mass hours procedure data group	0
procedure water mass vinegar information data	0
vinegar vinegar label investigation group hours	0
water hours investigation vinegar label hours	0
material pieces water Rain minutes order table	0
pieces containers vinegar mass container experiment	0
containers data information vinegar group hours	0
mass label data table samples container hours	0
investigation hours data order experiment table	0
minutes pieces procedure Rain samples information	0
label mass sample water sample sample group containers	0
mass minutes mass samples information Rain water	0
sample samples water information label Rain material	0
material container water Rain container label	0
information water mass samples pieces vinegar	0
hours information label minutes order order vinegar	0
experiment Rain containers order samples samples	0
data label vinegar mass hours investigation vinegar	0
investigation experiment mass procedure group	0
container water mass order sample Rain mass data	0
table mass mass pieces Rain order investigation	0
samples hours group hours investigation order	0
group label data Rain Rain material students	0
containers sample vinegar students Rain minutes	0
information Rain group experiment procedure minutes	0
experiment table data samples group procedure	0
containers table hours material vinegar experiment	0
group information Rain minutes Rain minutes hours	0
students data group information mass minutes	0
procedure data procedure label samples procedure	0
minutes containers procedure containers order	0
order material students sample information hours	0
investigation containers Rain samples hours table	0
water table pieces vinegar Rain vinegar Rain	0
material containers mass data sample pieces vinegar	0
vinegar experiment mass table sample experiment	0
data investigation order minutes order containers	0
data containers Rain minutes vinegar samples	0
procedure sample pieces vinegar hours samples	0
label hours table mass data minutes vinegar label	0
samples sample order sample information label	0
investigation material order information samples	0
procedure students information water group minutes	0
containers containers data container minutes	0
sample mass sample minutes group hours label	0
procedure containers sample vinegar table students	0
data table container material experiment order	0
investigation students students samples pieces	0
data material information order sample Rain information	0
sample hours Rain containers pieces students	0
order mass material label procedure label vinegar	0
containers samples experiment minutes mass water	0
mass information group investigation pieces sample	0
label investigation containers pieces table label	0
data hours containers label label procedure containers	0
order mass label experiment minutes minutes pieces	0
experiment table label label group containers	0
hours material minutes pieces vinegar container	0
water container information order procedure vinegar	0
samples hours Rain experiment vinegar containers	0
hours hours containers procedure minutes information	0
procedure minutes container table minutes containers	0
vinegar mass label pieces investigation students	0
mass order students containers information order	0
table label data vinegar sample students group	0
container sample sample container experiment	0
mass order label minutes information material	0
minutes hours label information information students	0
water vinegar vinegar students group group students	0
sample Rain material students data samples sample	0
information samples table procedure water experiment	0
order samples material container Rain vinegar	0
investigation water water sample Rain table water	0
experiment order vinegar samples order table	0
table procedure minutes mass experiment students	0
containers experiment table containers table	0
investigation experiment students group information	0
sample investigation pieces Rain table vinegar	0
table minutes samples information group table	0
samples label material samples material sample	0
minutes experiment experiment minutes order vinegar	0
container minutes data information students information	0
vinegar sample data mass students vinegar containers	0
table table vinegar label group procedure order	0
table group procedure material table containers	0
experiment order experiment investigation Rain	0
mass label information minutes Rain vinegar procedure	0
Rain pieces containers sample procedure students	0
students container investigation procedure mass	0
containers data samples table students data students	0
container data procedure samples order order	0
samples procedure students procedure pieces label	0
students material students vinegar procedure	0
group containers hours group mass investigation	0
students students minutes containers investigation	0
Rain water students container data procedure	0
students group Rain pieces investigation information	0
sample mass students material containers minutes	0
table sample minutes hours water minutes samples	0
information hours samples pieces Rain procedure	0
water Rain mass students container information	0
procedure data label experiment order vinegar	0
water experiment container minutes students label	0
information water sample water minutes order	0
data container table pieces procedure Rain order	0
