plastic minutes polymer stretchability procedure	0
design samples types ways polymer polymer ways	0
minutes design types clamp minutes plastic ways	0
type ways types sample weights samples sample	0
investigation results procedure plastic type	0
validity plastics design trial validity table	0
data plastics clamp table side polymer polymer	0
edge polymer plastics stretchability edge minutes	0
samples plastic minutes minutes validity data	0
clamp data procedure clamp weights clamp investigation	0
design edge ways results minutes side ways student	0
design stretchability procedure minutes stretchability	0
samples length types types stretchability plastic	0
minutes results validity edge stretchability	0
table design polymer types length conclusion	0
results type student types data design side validity	0
types student student student results results	0
table student type sample plastics samples minutes	0
results trial procedure data trial side length	0
results length plastic investigation sample design	0
ways data ways types validity minutes type sample	0
investigation ways types type edge plastics minutes	0
samples edge type stretchability stretchability	0
edge procedure data polymer plastic stretchability	0
edge design validity edge ways data length polymer	0
trial type validity length types stretchability	0
side minutes procedure plastic samples table	0
clamp table length conclusion design validity	0
plastics length side samples design clamp polymer	0
clamp side ways results data student edge type	0
data samples ways type types investigation samples	0
edge data ways results sample trial clamp length	0
stretchability ways polymer stretchability trial	0
sample side plastic type validity ways conclusion	0
type stretchability conclusion stretchability	0
sample sample edge ways design results validity	0
results plastics investigation weights student	0
minutes clamp clamp edge edge table student polymer	0
sample data edge validity table design ways plastics	0
trial plastics length plastic conclusion ways	0
stretchability plastics types conclusion results	0
data design clamp side types clamp side stretchability	0
sample plastics trial trial ways edge student	0
data weights side plastics table conclusion minutes	0
conclusion types table conclusion samples polymer	0
type length trial plastics plastics minutes sample	0
design validity investigation samples length	0
clamp clamp edge validity length weights minutes	0
table design stretchability conclusion polymer	0
samples weights procedure investigation data	0
data trial sample table type sample types investigation	0
ways polymer student polymer plastic student	0
samples investigation trial data type design	0
conclusion edge plastics results plastic trial	0
clamp ways edge design length student clamp weights	0
minutes sample data student clamp weights samples	0
procedure polymer table table results side procedure	0
plastic procedure edge types results results	0
design student investigation types type length	0
weights plastic results trial edge conclusion	0
side clamp minutes procedure clamp weights clamp	0
results plastics results design types design	0
procedure type conclusion side procedure design	0
clamp edge side validity procedure ways trial	0
procedure stretchability plastics conclusion	0
sample conclusion types conclusion type trial	0
table polymer polymer type plastic type trial	0
samples weights weights clamp validity validity	0
validity results validity polymer sample validity	0
student sample types edge stretchability design	0
sample ways edge investigation polymer type sample	0
data type results side clamp samples samples	0
minutes types plastics stretchability minutes	0
type data types edge minutes clamp type plastic	0
results edge results procedure procedure design	0
clamp samples side validity ways ways length	0
types side types procedure types plastic conclusion	0
trial type weights stretchability polymer conclusion	0
results plastics length conclusion sample clamp	0
sample plastics stretchability conclusion results	0
types samples trial plastic results ways plastic	0
types student plastic length table types clamp	0
conclusion table table trial types polymer plastic	0
polymer trial trial clamp polymer plastic type	0
table stretchability side procedure results results	0
side trial samples edge samples edge investigation	0
ways results procedure type type validity plastic	0
validity sample sample samples stretchability	0
samples clamp results stretchability weights	0
validity side stretchability data plastic length	0
samples design clamp procedure polymer clamp	0
student types student types polymer samples edge	0
samples ways ways length edge clamp investigation	0
polymer table stretchability data sample plastics	0
plastic plastics weights student samples side	0
length length results investigation plastic validity	0
table conclusion investigation minutes table	0
type edge design stretchability length plastics	0
student types side trial ways data type length	0
investigation polymer edge validity design side	0
design ways validity procedure stretchability	0
edge student polymer student plastics trial design	0
trial design procedure type types table types	0
plastics results student side type minutes polymer	0
polymer plastics minutes student plastic plastics	0
ways plastics procedure results stretchability	0
edge investigation conclusion side side sample	0
student trial conclusion weights type plastics	0
results stretchability minutes sample side weights	0
samples side results trial ways polymer type	0
stretchability types data samples student plastic	0
design sample side investigation samples weights	0
clamp weights types edge investigation investigation	0
procedure types polymer ways data minutes design	0
plastics conclusion type plastic design procedure	0
weights student ways investigation procedure	0
trial design weights minutes data plastic weights	0
table conclusion samples types sample ways trial	0
sample validity plastics types data sample samples	0
ways types ways sample side types design student	0
type length clamp design results student trial	0
plastics type ways types sample edge data trial	0
validity types plastic table side plastic length	0
polymer sample plastics type plastics types minutes	0
ways plastics conclusion validity length plastic	0
sample investigation plastics procedure clamp	0
type data length type polymer type results procedure	0
types clamp data types ways clamp results data	0
investigation clamp conclusion results procedure	0
clamp trial minutes plastics plastic weights	0
samples procedure validity type validity types	0
student types stretchability conclusion procedure	0
minutes edge plastics conclusion clamp weights	0
results student investigation stretchability	0
type student student investigation side minutes	0
plastics validity samples minutes length table	0
polymer type types edge data weights sample side	0
side ways conclusion table procedure plastic	0
side student polymer minutes ways validity ways	0
samples clamp length type edge edge sample table	0
design student results plastic types plastic	0
validity edge plastics data clamp validity sample	0
ways weights side sample student plastic type	0
data length type data edge trial student student	0
side procedure procedure conclusion procedure	0
investigation length investigation stretchability	0
validity sample design type side validity polymer	0
types sample procedure clamp weights stretchability	0
conclusion edge conclusion trial types validity	0
table conclusion type side student investigation	0
sample trial stretchability polymer polymer plastic	0
samples validity data polymer clamp validity	0
design conclusion clamp polymer plastics investigation	0
minutes trial stretchability side polymer weights	0
minutes sample validity clamp clamp results edge	0
ways stretchability weights student student length	0
minutes minutes design data plastic trial weights	0
minutes table polymer types weights validity	0
stretchability design investigation conclusion	0
table data conclusion samples polymer length	0
table length procedure clamp samples weights	0
results type data polymer minutes types sample	0
minutes data minutes minutes side sample edge	0
plastics sample investigation stretchability	0
polymer side types conclusion weights trial length	0
plastics minutes design validity ways ways procedure	0
polymer data plastics validity table sample data	0
stretchability sample samples minutes types plastic	0
types clamp side design ways data samples procedure	0
stretchability data ways clamp weights sample	0
design validity table weights design plastic	0
table conclusion type type validity procedure	0
plastic stretchability trial student procedure	0
ways type ways polymer sample results plastics	0
minutes validity clamp type minutes procedure	0
polymer table side polymer types sample investigation	0
sample investigation length conclusion polymer	0
validity polymer investigation procedure minutes	0
clamp weights data plastics weights stretchability	0
validity data table table ways polymer minutes	0
ways trial minutes side type design edge data	0
minutes types clamp trial results table edge	0
stretchability type stretchability sample data	0
trial weights procedure edge data design minutes	0
table edge weights minutes type data clamp student	0
type type investigation clamp conclusion type	0
table table investigation plastic plastic design	0
clamp data student investigation weights plastics	0
design polymer trial side types clamp stretchability	0
plastics type ways conclusion data data side	0
weights side validity investigation procedure	0
plastics weights procedure side plastics clamp	0
samples weights plastics conclusion sample edge	0
table plastic stretchability type clamp conclusion	0
samples student clamp polymer plastic length	0
table plastic type design student types design	0
data samples minutes results validity polymer	0
procedure data conclusion side sample minutes	0
procedure polymer trial edge validity plastic	0
side clamp samples data procedure types procedure	0
student plastic investigation types investigation	0
weights table weights clamp samples side design	0
data weights student plastic ways length type	0
edge investigation weights plastic edge data	0
investigation minutes type table conclusion ways	0
table plastic length stretchability student stretchability	0
types type procedure plastics length table data	0
investigation investigation minutes length table	0
results data design clamp samples side plastic	0
polymer data results plastics sample weights	0
polymer plastics table samples table design samples	0
edge plastics conclusion samples plastics sample	0
validity types results type stretchability weights	0
minutes plastic plastic length data stretchability	0
stretchability student conclusion length type	0
plastics samples conclusion length conclusion	0
investigation procedure length clamp sample plastics	0
investigation weights student ways plastic clamp	0
length plastic conclusion length stretchability	0
design conclusion length minutes data samples	0
results side data investigation investigation	0
polymer plastics results data plastic investigation	0
polymer samples weights table clamp procedure	0
validity type trial investigation data plastics	0
ways type edge student stretchability plastics	0
design ways minutes weights plastics clamp edge	0
types length stretchability ways investigation	0
types design trial plastic types plastics polymer	0
results samples procedure polymer trial sample	0
table sample polymer weights ways samples conclusion	0
minutes results types edge sample stretchability	0
type type minutes investigation validity type	0
results clamp clamp types plastic procedure procedure	0
validity validity length design polymer trial	0
length weights polymer minutes edge student table	0
design trial results type length length trial	0
procedure trial length types plastic results	0
student types sample clamp minutes stretchability	0
polymer trial plastics conclusion data results	0
design design length table side types results	0
length table design ways investigation types	0
investigation results trial side trial side student	0
trial types results investigation clamp polymer	0
ways edge edge sample polymer type procedure	0
trial student ways student student types results	0
polymer minutes ways minutes length edge minutes	0
trial polymer plastics minutes polymer sample	0
plastic results type stretchability length ways	0
plastics types conclusion plastic plastics investigation	0
investigation samples conclusion edge minutes	0
length type trial type procedure polymer samples	0
procedure student investigation edge plastic	0
edge clamp results stretchability type side procedure	0
clamp student polymer weights results procedure	0
sample results trial procedure types design validity	0
student validity design design student results	0
polymer minutes samples stretchability procedure	0
results investigation validity conclusion weights	0
student sample trial minutes sample conclusion	0
weights results side table design design results	0
weights sample ways polymer minutes conclusion	0
procedure types design validity student plastic	0
clamp minutes procedure weights type minutes	0
plastic side procedure edge data design plastic	0
minutes minutes data type ways data clamp polymer	0
plastics ways table results minutes plastics	0
length ways edge data type samples clamp stretchability	0
sample plastic validity design clamp type polymer	0
edge weights plastic investigation side trial	0
table minutes trial edge clamp trial trial table	0
weights edge procedure types length results length	0
minutes validity edge plastic types sample weights	0
table type student table samples types side plastic	0
polymer type data samples type polymer student	0
length sample student length results samples	0
conclusion plastics investigation student validity	0
procedure investigation edge table type sample	0
polymer types validity samples data plastic polymer	0
samples trial table design procedure minutes	0
conclusion trial samples procedure type validity	0
type length plastics polymer polymer validity	0
type polymer polymer samples stretchability design	0
types investigation trial plastic design polymer	0
plastics ways length stretchability sample clamp	0
types procedure student samples student stretchability	0
ways validity type data stretchability table	0
weights clamp clamp sample clamp clamp sample	0
sample validity student type data stretchability	0
types conclusion student clamp edge sample edge	0
trial trial plastic types type types design weights	0
polymer side weights samples conclusion procedure	0
polymer weights polymer validity ways ways edge	0
length side ways student sample design investigation	0
conclusion edge plastic edge plastic length data	0
weights plastic type clamp investigation edge	0
procedure length investigation table sample minutes	0
plastics stretchability clamp types conclusion	0
clamp types student clamp design samples ways	0
sample ways results polymer data type edge weights	0
clamp edge plastics clamp length length procedure	0
ways results results data conclusion data type	0
results plastic design conclusion minutes design	0
sample ways types plastic minutes sample validity	0
investigation results stretchability ways minutes	0
clamp stretchability samples weights weights	0
polymer results length conclusion data trial	0
type plastic polymer sample validity side table	0
polymer weights conclusion edge investigation	0
clamp polymer length conclusion stretchability	0
validity edge side data length side types types	0
procedure plastics type validity stretchability	0
clamp length procedure trial data procedure side	0
weights procedure trial procedure validity plastics	0
procedure length procedure samples clamp trial	0
polymer validity plastics conclusion conclusion	0
student samples stretchability edge investigation	0
side clamp edge type results type student clamp	0
data type types edge table student minutes plastics	0
stretchability edge minutes student design polymer	0
procedure type types trial trial clamp side data	0
type sample samples minutes length type results	0
procedure conclusion student investigation samples	0
results student table results ways types ways	0
length investigation type procedure edge samples	0
samples conclusion plastics plastics sample weights	0
type clamp plastic clamp type results clamp trial	0
conclusion clamp trial sample design stretchability	0
clamp data sample plastic investigation validity	0
student edge samples conclusion side stretchability	0
edge table edge length plastics design student	0
length design table stretchability data ways	0
conclusion student samples design student trial	0
types validity ways sample design length trial	0
data student sample investigation polymer student	0
table minutes polymer conclusion sample results	0
validity types procedure weights edge length	0
validity trial weights sample weights clamp side	0
samples design samples data data polymer plastics	0
plastic sample trial conclusion length plastic	0
conclusion types plastic samples length minutes	0
samples type conclusion procedure weights validity	0
plastics data investigation types data side polymer	0
side samples plastic side length polymer trial	0
types length procedure results conclusion stretchability	0
trial plastic clamp procedure sample samples	0
edge clamp validity sample edge length sample	0
conclusion plastics validity weights clamp table	0
validity ways student results table type types	0
plastics data results data clamp conclusion ways	0
ways clamp data clamp data polymer investigation	0
design procedure procedure edge weights plastic	0
design trial weights table ways plastic clamp	0
clamp results student weights length plastic	0
stretchability trial type stretchability edge	0
design minutes samples types results results	0
investigation trial side type trial validity	0
edge samples investigation clamp table weights	0
plastic type clamp validity side ways investigation	0
plastic clamp clamp validity validity design	0
ways student table design trial side data sample	0
plastics results table stretchability length	0
samples type trial procedure samples table validity	0
polymer plastics samples plastics length sample	0
conclusion design procedure type type design	0
weights design weights samples length minutes	0
type data samples polymer types ways samples	0
sample samples weights type procedure design	0
conclusion conclusion results trial student sample	0
length polymer ways weights minutes ways investigation	0
procedure procedure table student procedure edge	0
side weights student sample samples data minutes	0
ways conclusion data samples weights weights	0
validity stretchability minutes sample validity	0
table investigation validity weights clamp plastic	0
samples plastic plastics procedure side sample	0
sample table plastic weights investigation ways	0
polymer stretchability stretchability edge minutes	0
data investigation conclusion investigation polymer	0
ways side data type weights polymer side stretchability	0
procedure sample results length plastic polymer	0
validity plastic clamp ways results types length	0
side student design ways table design procedure	0
data types data conclusion results polymer clamp	0
weights validity minutes data stretchability	0
minutes results design edge ways student plastic	0
plastic validity results data data sample stretchability	0
side length plastic design type length plastics	0
plastic stretchability samples samples weights	0
sample stretchability plastics design investigation	0
plastics type validity polymer conclusion design	0
conclusion trial types samples samples samples	0
clamp type samples plastics clamp types stretchability	0
type validity polymer plastics ways weights length	0
weights polymer sample plastic weights design	0
procedure validity investigation plastic edge	0
trial samples clamp stretchability minutes weights	0
edge weights length student weights polymer conclusion	0
plastic design side type edge type student procedure	0
plastic type plastics student ways results samples	0
edge investigation table trial procedure sample	0
length clamp investigation student investigation	0
types types validity samples design stretchability	0
conclusion plastic edge trial validity design	0
ways results procedure design results edge type	0
type table polymer validity plastic minutes plastics	0
data stretchability conclusion table minutes	0
plastic data plastic polymer weights design design	0
table weights procedure weights weights trial	0
length edge weights design side side data ways	0
table types type data sample results student	0
data clamp procedure ways sample plastic table	0
length type design conclusion stretchability	0
procedure plastic investigation polymer data	0
clamp trial weights data plastics data table	0
procedure conclusion minutes student clamp plastic	0
data type trial minutes table results clamp procedure	0
stretchability polymer design design conclusion	0
type design clamp minutes edge types plastic	0
sample results polymer polymer investigation	0
type plastic plastics student minutes results	0
side results types polymer polymer data procedure	0
trial stretchability design sample trial type	0
weights types data design trial minutes procedure	0
sample length procedure clamp samples table ways	0
length minutes student edge validity plastic	0
plastic minutes design types student ways conclusion	0
ways sample edge trial plastic ways stretchability	0
plastics sample procedure investigation conclusion	0
results weights type procedure minutes validity	0
side student procedure types clamp edge data	0
validity investigation minutes data weights type	0
polymer sample results edge plastic table polymer	0
student trial type edge polymer results polymer	0
samples investigation polymer types weights procedure	0
length types ways student validity conclusion	0
type edge trial weights sample investigation	0
plastic polymer trial plastics investigation	0
trial polymer type procedure conclusion length	0
validity clamp results polymer conclusion procedure	0
table investigation table plastics results edge	0
design stretchability plastics procedure design	0
plastics minutes polymer conclusion design types	0
sample plastic length sample conclusion trial	0
weights table investigation ways results side	0
design polymer weights length side minutes procedure	0
weights plastics table stretchability ways plastics	0
samples design validity investigation student	0
design polymer clamp minutes results student	0
polymer side sample procedure clamp sample types	0
minutes length types samples design weights edge	0
validity type investigation length polymer minutes	0
plastic types stretchability investigation ways	0
design design weights procedure weights table	0
stretchability side design clamp validity length	0
edge samples table plastic types validity length	0
plastics table types trial student polymer polymer	0
plastics table conclusion length student clamp	0
investigation trial investigation weights type	0
sample trial clamp data ways type samples types	0
ways sample length edge side table procedure	0
plastics plastic data length sample procedure	0
clamp side validity type student clamp sample	0
clamp data table minutes stretchability investigation	0
conclusion samples results side investigation	0
edge trial samples polymer validity design sample	0
length table samples stretchability weights plastics	0
stretchability data length clamp conclusion types	0
stretchability design edge ways clamp ways procedure	0
plastic minutes sample edge results validity	0
sample results type design plastics validity	0
types table table investigation length design	0
clamp data weights validity minutes ways ways	0
samples weights investigation edge edge stretchability	0
stretchability length student conclusion validity	0
plastic procedure polymer stretchability weights	0
table edge clamp validity side procedure samples	0
ways student minutes minutes data validity length	0
design investigation ways clamp conclusion weights	0
minutes polymer edge student stretchability types	0
edge plastics weights conclusion results weights	0
procedure procedure length minutes table weights	0
validity results weights student side student	0
trial minutes polymer conclusion weights polymer	0
investigation plastics stretchability trial data	0
plastic type data procedure plastic validity	0
trial minutes polymer samples samples plastic	0
type types weights edge data design trial trial	0
weights student results sample procedure validity	0
minutes samples trial design plastic sample results	0
stretchability ways ways ways minutes side plastic	0
weights data type length ways investigation validity	0
weights plastics data side trial student investigation	0
procedure results type conclusion plastic table	0
procedure samples weights edge procedure weights	0
table types minutes plastic validity edge sample	0
types design clamp length conclusion student	0
side table validity polymer types length investigation	0
validity plastic stretchability conclusion table	0
weights data length plastics side edge results	0
procedure plastic trial sample ways plastic table	0
plastics side design stretchability conclusion	0
plastics table edge stretchability polymer plastic	0
design type types plastic polymer clamp minutes	0
type side minutes weights plastics stretchability	0
edge table ways design investigation polymer	0
weights minutes investigation trial samples conclusion	0
data weights data edge validity procedure minutes	0
plastics weights edge ways length plastics types	0
plastics side weights length investigation procedure	0
table conclusion results weights minutes conclusion	0
edge data type plastic length plastics table	0
sample procedure clamp plastics data student	0
polymer length type clamp data procedure student	0
plastics type edge side data clamp side plastic	0
trial type trial length investigation length	0
table design investigation ways weights procedure	0
type plastics types clamp procedure sample length	0
procedure data stretchability types investigation	0
sample samples types table type sample validity	0
ways sample polymer types samples plastic types	0
procedure length ways data ways design design	0
results type results trial minutes samples samples	0
results sample trial weights validity type investigation	0
minutes types minutes ways data results minutes	0
data student results clamp ways ways conclusion	0
ways design edge table type side results minutes	0
side samples investigation table clamp data design	0
validity types data table polymer conclusion	0
plastics type investigation procedure investigation	0
types ways minutes results student conclusion	0
investigation results length weights polymer	0
validity table design polymer side procedure	0
types length type stretchability plastics clamp	0
edge type conclusion side results student edge	0
design clamp edge sample table side conclusion	0
edge ways edge table sample table sample procedure	0
stretchability types minutes sample type data	0
validity weights stretchability type polymer	0
minutes trial types samples side trial clamp	0
plastics sample results conclusion types samples	0
sample plastics procedure results plastics plastics	0
types trial polymer validity weights procedure	0
weights samples trial trial investigation data	0
procedure side table ways procedure clamp conclusion	0
type samples sample conclusion ways types validity	0
polymer sample data validity plastics results	0
plastic edge sample conclusion type investigation	0
validity procedure samples clamp minutes ways	0
plastic length clamp design trial plastics table	0
sample student clamp table table sample validity	0
procedure validity samples design edge minutes	0
conclusion procedure plastics side side conclusion	0
side polymer plastic plastic results weights	0
investigation table polymer sample data clamp	0
type stretchability ways design clamp validity	0
samples weights plastics stretchability side	0
design side side plastics stretchability ways	0
investigation data conclusion weights plastics	0
stretchability conclusion clamp student type	0
plastic type validity minutes results data trial	0
sample data polymer samples clamp plastics type	0
procedure plastics student plastics ways trial	0
table type sample student side edge conclusion	0
results clamp length plastics plastic results	0
conclusion design side plastic procedure sample	0
side ways side stretchability clamp plastics	0
clamp clamp student data stretchability ways	0
types weights data sample samples trial types	0
data student weights data investigation table	0
plastics sample edge investigation length table	0
table weights student results conclusion types	0
trial samples polymer weights results procedure	0
design conclusion plastic minutes data clamp	0
data clamp clamp types ways plastic results ways	0
samples weights investigation trial conclusion	0
student plastic plastics student plastic sample	0
investigation types edge polymer student table	0
clamp polymer student polymer minutes investigation	0
minutes polymer polymer plastic student sample	0
clamp trial clamp edge side data weights data	0
design weights investigation sample validity	0
side edge weights student side ways results ways	0
types sample table investigation minutes clamp	0
edge side plastic minutes data validity results	0
plastics table data plastics validity design	0
conclusion validity weights length length trial	0
length design side data side minutes plastic	0
validity sample plastics table type design samples	0
type minutes type ways edge minutes sample investigation	0
side investigation side trial data ways stretchability	0
procedure data types polymer design design length	0
length table weights validity sample side sample	0
conclusion data data trial ways samples types	0
investigation minutes samples conclusion types	0
polymer plastics polymer validity student polymer	0
plastic weights stretchability length samples	0
length conclusion trial polymer procedure types	0
sample ways student minutes sample investigation	0
table conclusion stretchability conclusion plastics	0
samples design table edge types investigation	0
design validity student clamp procedure conclusion	0
trial side edge stretchability clamp side types	0
plastic samples types trial trial clamp table	0
side minutes ways design conclusion investigation	0
length plastics polymer validity data table sample	0
ways design ways validity clamp table procedure	0
sample ways edge procedure sample polymer investigation	0
plastic type side validity side investigation	0
trial type ways results plastic results length	0
design sample clamp investigation length weights	0
table plastics design table student plastic stretchability	0
ways types validity plastic validity types trial	0
minutes table type student clamp samples stretchability	0
clamp table samples ways plastic design samples	0
conclusion sample student procedure conclusion	0
weights minutes validity type side trial samples	0
plastic design length data types length conclusion	0
results student investigation trial side table	0
trial length type length stretchability procedure	0
sample clamp side plastic polymer samples minutes	0
conclusion trial procedure plastics data polymer	0
samples results validity conclusion weights procedure	0
types design clamp types stretchability plastics	0
data clamp type edge ways validity polymer data	0
sample investigation ways design weights investigation	0
investigation polymer polymer plastics types	0
student data side clamp validity types trial	0
trial samples student trial edge types plastic	0
sample ways length plastics clamp results sample	0
polymer validity plastics table length edge trial	0
validity results stretchability weights side	0
plastics student results side types edge ways	0
student plastics validity types ways conclusion	0
student plastic ways types length minutes procedure	0
student conclusion plastics validity table ways	0
ways edge samples design length types edge sample	0
conclusion sample minutes clamp length polymer	0
stretchability conclusion procedure trial clamp	0
side results design clamp table design types	0
weights sample length length side table validity	0
investigation sample design design student procedure	0
plastics samples student length table types clamp	0
table investigation validity polymer length data	0
weights plastic polymer plastic ways plastic	0
samples investigation conclusion procedure length	0
length polymer validity ways ways stretchability	0
minutes conclusion length samples weights weights	0
procedure side ways edge stretchability side	0
sample samples design length minutes data design	0
plastic plastics ways investigation polymer investigation	0
clamp sample validity type design types procedure	0
student samples side sample ways length length	0
clamp samples polymer table types ways samples	0
length validity ways type clamp investigation	0
samples samples types stretchability weights	0
plastics minutes plastics sample conclusion table	0
types length minutes investigation validity plastic	0
design sample length design data edge plastics	0
conclusion table validity plastic data plastics	0
plastics types plastic stretchability edge sample	0
data types investigation trial side trial conclusion	0
sample edge side table sample investigation stretchability	0
side student student plastic student edge investigation	0
minutes procedure design table conclusion student	0
stretchability table plastic side investigation	0
plastics conclusion minutes type procedure table	0
student side procedure student types procedure	0
plastic trial trial type results type polymer	0
clamp plastic validity validity conclusion length	0
side investigation sample conclusion side sample	0
weights clamp data student samples sample type	0
clamp types clamp stretchability weights validity	0
types sample weights length procedure table conclusion	0
ways minutes length samples procedure edge type	0
plastics validity clamp plastic validity investigation	0
sample length data design side plastic length	0
procedure ways stretchability plastic clamp minutes	0
ways polymer samples student edge table polymer	0
sample investigation side type investigation	0
results samples validity conclusion trial edge	0
table design stretchability side types clamp	0
stretchability side results types types results	0
results clamp results samples investigation table	0
side minutes polymer plastic investigation weights	0
weights procedure investigation results trial	0
investigation types length clamp design length	0
ways trial plastic conclusion procedure results	0
edge sample weights plastics procedure stretchability	0
plastics side plastic investigation side procedure	0
conclusion samples design clamp plastics investigation	0
table validity trial table sample polymer procedure	0
validity procedure length length results samples	0
validity side weights trial sample results data	0
minutes investigation plastic plastics design	0
results plastics investigation results clamp	0
table table side data sample edge validity stretchability	0
student side length validity clamp student sample	0
design student trial data table results procedure	0
minutes type validity investigation edge procedure	0
table trial plastic side polymer stretchability	0
student data side side investigation table polymer	0
validity plastics length sample plastic plastics	0
polymer student data clamp length conclusion	0
edge plastic trial edge clamp clamp validity	0
validity side investigation length trial sample	0
stretchability trial conclusion side procedure	0
edge samples ways sample minutes edge results	0
stretchability plastic types data sample minutes	0
sample weights plastic design data conclusion	0
validity side polymer procedure minutes design	0
validity student type table plastics results	0
sample sample data student data weights validity	0
plastics sample design results type trial clamp	0
weights conclusion type table weights design	0
plastics table samples length clamp samples investigation	0
weights side ways stretchability sample clamp	0
side trial procedure table stretchability validity	0
validity stretchability validity edge side conclusion	0
side investigation trial results weights samples	0
results length samples results polymer table	0
type polymer procedure table edge sample stretchability	0
length edge clamp stretchability length results	0
polymer plastic investigation design sample edge	0
design results weights side minutes results conclusion	0
validity edge stretchability conclusion edge	0
types side procedure trial plastics type stretchability	0
trial clamp ways table student validity trial	0
side clamp samples sample length table data clamp	0
sample student stretchability sample plastic	0
polymer minutes plastics table design results	0
data plastic type clamp procedure investigation	0
length data samples type data ways minutes validity	0
ways stretchability design length sample results	0
design design plastics side weights weights procedure	0
results clamp plastic ways types weights stretchability	0
student side weights plastics investigation sample	0
ways weights types stretchability samples length	0
stretchability type student side edge validity	0
side length clamp samples length table minutes	0
table sample plastics length investigation minutes	0
validity table minutes types student samples	0
polymer length type plastic validity clamp table	0
weights polymer validity ways results investigation	0
student investigation weights minutes samples	0
sample investigation investigation polymer design	0
table polymer validity polymer ways data investigation	0
design weights results ways plastic edge edge	0
type types student data validity procedure ways	0
investigation minutes clamp procedure clamp procedure	0
weights types minutes sample validity design	0
results procedure ways length type type conclusion	0
type clamp edge length stretchability length	0
ways student polymer type samples plastics weights	0
validity type investigation validity design polymer	0
edge weights polymer trial type edge type weights	0
validity weights plastics validity ways plastics	0
length edge design minutes side student samples	0
data polymer ways samples length ways minutes	0
edge side clamp plastic edge minutes validity	0
sample type investigation polymer weights minutes	0
samples conclusion validity trial stretchability	0
minutes length length plastic data samples length	0
type edge results student plastic validity plastic	0
polymer validity type conclusion types table	0
samples design trial edge conclusion plastics	0
stretchability procedure types table minutes	0
clamp polymer ways validity clamp table weights	0
table types validity table design conclusion	0
ways trial trial plastic design validity validity	0
stretchability investigation length plastic table	0
minutes plastic sample clamp length validity	0
results edge plastics design conclusion investigation	0
validity validity minutes samples validity procedure	0
design procedure design side design design types	0
minutes trial student design design weights plastics	0
edge table samples clamp polymer length stretchability	0
length minutes student investigation type trial	0
type stretchability minutes minutes investigation	0
investigation side plastic type minutes side	0
design plastics polymer ways type trial table	0
design ways sample results ways results procedure	0
type procedure validity polymer data sample edge	0
side design table student polymer results ways	0
minutes results stretchability polymer types	0
length polymer minutes edge plastics sample data	0
edge plastic plastic investigation side data	0
minutes student results ways validity samples	0
data conclusion side types polymer sample data	0
validity polymer minutes weights types types	0
ways plastic data side plastics procedure sample	0
data student weights edge types edge samples	0
investigation polymer plastic trial design investigation	0
stretchability results investigation investigation	0
clamp type plastics stretchability types plastic	0
length table polymer conclusion validity type	0
conclusion sample results table student conclusion	0
weights plastic length plastics procedure data	0
side plastic conclusion side procedure length	0
table minutes ways ways clamp sample conclusion	0
design conclusion sample side table edge investigation	0
student investigation conclusion samples length	0
data validity minutes investigation validity	0
procedure minutes sample plastic sample procedure	0
polymer stretchability minutes side procedure	0
side edge types ways polymer conclusion sample	0
type samples edge type procedure types investigation	0
minutes types student trial stretchability validity	0
type clamp edge trial minutes samples plastics	0
samples samples investigation types types edge	0
ways length results ways conclusion clamp conclusion	0
edge trial data clamp investigation data polymer	0
type length types trial student edge types ways	0
types polymer investigation samples edge clamp	0
plastics plastic validity data procedure plastic	0
length side data stretchability stretchability	0
sample data ways length side side length trial	0
results ways weights plastic samples edge data	0
design table stretchability results plastics	0
results student validity edge design minutes	0
data results conclusion plastics student plastic	0
clamp results validity samples clamp type trial	0
student samples clamp weights validity edge trial	0
stretchability length validity samples validity	0
samples plastics edge samples conclusion ways	0
procedure length design weights edge investigation	0
length edge clamp edge length results length	0
weights polymer sample plastic length types polymer	0
sample validity sample side edge edge procedure	0
investigation ways length procedure conclusion	0
clamp conclusion types results conclusion clamp	0
length student conclusion ways edge sample results	0
validity validity types plastic sample samples	0
student results table design minutes side plastic	0
plastic student length plastics edge types student	0
design sample type plastics edge procedure weights	0
length student length plastics student ways type	0
plastics stretchability investigation trial plastics	0
procedure sample side results type stretchability	0
ways student results clamp minutes procedure	0
investigation conclusion table student samples	0
polymer conclusion ways plastics weights samples	0
data clamp samples student investigation samples	0
plastics plastics type clamp conclusion weights	0
plastics trial plastic type conclusion weights	0
trial conclusion student data stretchability	0
samples investigation design plastics length	0
plastics student investigation procedure validity	0
validity plastic validity data stretchability	0
conclusion results edge ways samples types validity	0
edge clamp results conclusion polymer samples	0
procedure trial student design student types	0
ways edge weights minutes weights ways student	0
validity investigation student plastics procedure	0
side types samples stretchability trial plastic	0
plastics validity conclusion samples design samples	0
table results types data polymer type length	0
length data design clamp samples trial minutes	0
sample procedure student polymer student ways	0
investigation table sample data minutes edge	0
investigation samples results procedure type	0
plastic clamp type plastic side conclusion table	0
stretchability samples sample weights length	0
trial investigation plastics plastics side data	0
weights trial procedure validity conclusion samples	0
minutes minutes trial stretchability edge procedure	0
design sample investigation results ways weights	0
type student student samples edge sample clamp	0
conclusion samples design ways minutes design	0
weights conclusion trial plastic polymer ways	0
length validity validity clamp weights trial	0
design length side samples conclusion polymer	0
plastic types sample procedure sample type ways	0
length types data procedure types edge types	0
results edge validity type edge trial plastic	0
trial table stretchability trial student plastic	0
validity validity polymer procedure weights investigation	0
samples edge validity validity minutes investigation	0
procedure conclusion investigation type data	0
clamp polymer validity stretchability procedure	0
weights edge ways investigation weights results	0
student stretchability conclusion stretchability	0
data minutes sample plastic clamp trial clamp	0
stretchability results investigation investigation	0
plastic design data clamp type student clamp	0
procedure clamp sample conclusion procedure plastic	0
types plastics plastics data samples data plastics	0
clamp investigation plastic plastics ways table	0
minutes clamp validity length types design types	0
table data side data clamp validity conclusion	0
design type stretchability type results design	0
table clamp types sample minutes design types	0
length minutes plastics investigation minutes	0
design weights clamp length samples sample ways	0
minutes student ways side edge length minutes	0
samples table ways plastics data procedure length	0
types side stretchability student plastic investigation	0
design minutes ways design side side type types	0
design procedure plastics edge minutes investigation	0
conclusion trial weights weights polymer table	0
length side data stretchability data trial design	0
design types minutes length student sample table	0
design table stretchability ways student plastics	0
design data types edge plastics length trial	0
samples type clamp validity results trial edge	0
length side samples clamp conclusion weights	0
type design investigation plastic clamp student	0
type ways minutes length results type ways design	0
table polymer ways procedure samples data clamp	0
sample clamp types procedure investigation student	0
plastic stretchability investigation types procedure	0
samples trial side ways type sample conclusion	0
plastics design results conclusion table length	0
ways clamp validity type length results results	0
edge sample plastics sample ways polymer results	0
plastic polymer minutes types minutes sample	0
samples polymer length trial length plastic polymer	0
trial investigation investigation sample types	0
procedure conclusion validity procedure student	0
plastic validity results procedure stretchability	0
weights validity data length edge investigation	0
types student data sample procedure polymer polymer	0
minutes types edge data types types clamp student	0
validity edge plastics edge conclusion ways procedure	0
samples validity validity polymer conclusion	0
polymer polymer clamp samples type results length	0
investigation ways procedure stretchability length	0
plastic edge validity data types weights edge	0
design length table minutes ways type side trial	0
validity polymer samples trial results weights	0
sample ways length stretchability side ways investigation	0
clamp validity weights data procedure plastic	0
edge results student minutes polymer samples	0
validity procedure clamp sample design validity	0
plastic results stretchability minutes weights	0
weights side length polymer plastic procedure	0
stretchability clamp plastic polymer plastics	0
type length conclusion types samples clamp validity	0
design design weights data validity stretchability	0
clamp investigation ways polymer stretchability	0
stretchability polymer results data minutes plastics	0
edge procedure validity results stretchability	0
side side ways polymer minutes minutes table	0
trial plastics data plastics conclusion polymer	0
stretchability procedure sample investigation	0
procedure minutes student plastics clamp sample	0
data polymer results investigation table weights	0
sample length length trial design edge samples	0
polymer trial conclusion design types length	0
type plastics trial data edge stretchability	0
procedure validity samples plastics edge design	0
conclusion length table data procedure design	0
plastics trial sample edge trial samples sample	0
weights student weights plastic student table	0
trial validity edge side type investigation samples	0
ways design validity design student results edge	0
investigation sample procedure stretchability	0
results procedure validity sample polymer sample	0
plastic table samples validity stretchability	0
procedure side results results sample plastic	0
design investigation length validity investigation	0
results trial investigation conclusion types	0
type validity results clamp polymer data samples	0
polymer results types type student sample procedure	0
student plastic plastics types samples samples	0
minutes side design side type ways results procedure	0
samples sample investigation investigation design	0
conclusion plastic design plastics validity conclusion	0
ways type type plastic minutes student table	0
ways type design data clamp table conclusion	0
investigation stretchability data data results	0
edge results results table clamp conclusion trial	0
data validity minutes weights investigation plastics	0
clamp design validity length procedure samples	0
procedure sample weights table weights type clamp	0
type student table type design ways conclusion	0
type side plastics procedure investigation edge	0
table student results results weights sample	0
edge samples validity validity weights plastic	0
trial design ways table length procedure conclusion	0
edge weights samples edge plastics type investigation	0
table stretchability samples edge minutes types	0
trial conclusion plastic weights plastics ways	0
types table plastics plastic sample samples design	0
samples procedure types ways edge design student	0
type trial investigation table edge weights types	0
results type procedure student student student	0
plastic procedure sample polymer plastic data	0
sample plastics sample procedure types samples	0
stretchability trial types validity results ways	0
sample procedure validity weights plastic plastic	0
minutes types table design table type student	0
ways edge student design length clamp weights	0
edge weights polymer results results data side	0
samples polymer minutes sample plastic conclusion	0
validity validity trial plastic sample results	0
student polymer conclusion plastics plastic edge	0
investigation trial procedure clamp validity	0
types length minutes results investigation ways	0
trial side trial design student procedure investigation	0
student clamp minutes type sample type types	0
