Ende Gruppe Daten Regen Trocknen Stunden Plastik	0
Bestimme Materials Wasser Experiment Lege Daten	0
Unterschied Materials Masse Wiederhole Prozedur	0
Experiment Ende Materials Minuten Materialien	0
Daten Behiltern Wiederhole Trocknen Wiederhole	0
Gruppe Proben Ende Gewicht GieBe Ende Ganze Saurer	0
Materialien Informationen Holz Tabelle Regen	0
Plastik Aufgabe Experiment GieBe Unterschied	0
Marmor Wiederhole Stunden Plastik Tabelle Minuten	0
Saurer Experiment Daten Behalter GieBe Marmor	0
Gewicht Ganze Beginn Materials Beginn Experiment	0
Behalter Wiederhole Schtiler Daten Entferne Minuten	0
Prozedur Experiment Aufgabe Ende Schtiler Behalter	0
Wiederhole Minuten Ende Trocknen Proben Regen	0
Gewicht Schtiler Materials Ende Stunden Tabelle	0
Prozedur Wasser Stunden Wasser Gewicht Kalkstein	0
Behalter Regen Ende Holz Stunden Entferne Behalter	0
Gewicht Ganze Saurer Behalter Beginn Regen Daten	0
Gruppe Gruppe Prozedur GieBe Gewicht GieBe Trocknen	0
Unterschied Gruppe Holz Saurer Stunden Lege Materials	0
Daten Daten Plastik GieBe Entferne Bestimme Trocknen	0
Bestimme Proben Materialien Aufgabe Behalter	0
Minuten Informationen Wasser Plastik Holz Ende	0
Plastik Gruppe Gewicht Stunden Kalkstein Marmor	0
Regen Daten Holz Behalter Tabelle Gewicht Informationen	0
Plastik Regen Gewicht Wasser Plastik Kalkstein	0
Schtiler Materials Masse Beginn Ganze Ganze Daten	0
Behalter Wiederhole Bestimme Prozedur Unterschied	0
Tabelle Plastik Daten Informationen Behiltern	0
Gruppe Ende Regen Behiltern Behalter Entferne	0
Trocknen Regen Informationen Minuten Lege Saurer	0
Gewicht Entferne Entferne Schtiler Proben Experiment	0
Wasser Saurer Holz Behiltern Wiederhole Kalkstein	0
Proben Materials Unterschied Informationen Marmor	0
Stunden Behiltern Masse Plastik Informationen	0
Materialien Schtiler Daten Tabelle Materialien	0
Proben Behalter Holz Lege Materialien Minuten	0
Entferne Stunden Marmor Wasser Kalkstein Behalter	0
Tabelle Trocknen Minuten Materialien Aufgabe	0
Bestimme Gruppe Wiederhole Materials Behalter	0
Saurer Saurer Bestimme Behiltern Materialien	0
Ganze Marmor Plastik Holz Daten Aufgabe Prozedur	0
Behalter Marmor Marmor Behalter Proben Wiederhole	0
Ende Wiederhole Lege Kalkstein Materialien Behiltern	0
Behiltern Gewicht Aufgabe Aufgabe Experiment	0
Ende Materialien Tabelle Behalter Saurer Entferne	0
Materialien Masse Beginn Entferne Gruppe Masse	0
Materials Daten Informationen Daten Informationen	0
Tabelle Lege Materialien Trocknen Behiltern GieBe	0
Daten Wasser Marmor Informationen Marmor Bestimme	0
Masse Trocknen Plastik Gruppe Materials Stunden	0
Materialien Stunden Tabelle Lege Holz Ende Plastik	0
Plastik Daten Masse Wiederhole Marmor Schtiler	0
Materials Marmor Wasser Gewicht Proben Wiederhole	0
Trocknen Tabelle Prozedur Kalkstein Masse Marmor	0
Regen Schtiler Minuten Materials Gewicht Stunden	0
Regen Wasser Daten Unterschied Tabelle Kalkstein	0
Entferne Ende Daten Ganze Lege Gruppe Behalter	0
Gewicht Gruppe Marmor Unterschied Tabelle Gruppe	0
Plastik Wasser Wiederhole Wasser Stunden Beginn	0
Bestimme Behiltern Materials Bestimme Holz Materials	0
Plastik Saurer Materials Wasser Prozedur Daten	0
Prozedur Ganze Materials Entferne Saurer Experiment	0
Behiltern GieBe Regen Regen Behiltern Stunden	0
Aufgabe Proben Experiment Marmor Wasser Gewicht	0
Tabelle Schtiler Behiltern Gruppe Marmor Proben	0
Ende Unterschied Prozedur Informationen Tabelle	0
Regen Behiltern Wasser Kalkstein Trocknen Trocknen	0
Gruppe Unterschied Bestimme Wasser Behiltern	0
Marmor Entferne Informationen Regen Kalkstein	0
GieBe Marmor Wiederhole Informationen Materialien	0
Schtiler Wiederhole Unterschied Behalter Behalter	0
Masse Experiment Lege Prozedur Entferne Ende	0
Saurer Wasser Gruppe Unterschied Lege Plastik	0
Informationen Regen Informationen GieBe Regen	0
Saurer Prozedur Daten Marmor Saurer GieBe Behiltern	0
Regen Unterschied Schtiler Behalter Beginn Holz	0
Masse Materialien Aufgabe Schtiler Proben Bestimme	0
Stunden Gruppe Ganze GieBe Lege Wiederhole Schtiler	0
Beginn Daten Materialien Wiederhole Trocknen	0
Gewicht Wasser Stunden Regen Lege Stunden Tabelle	0
Plastik Gruppe Wiederhole Minuten Prozedur Wasser	0
Proben Materialien Minuten Gruppe Regen Masse	0
Masse Behiltern Masse Saurer Proben Bestimme	0
Materialien Wiederhole Saurer Materials Regen	0
Wiederhole Aufgabe Behalter Trocknen Daten Wiederhole	0
Tabelle Schtiler Trocknen Ganze Prozedur Wasser	0
Materials Wasser Ganze Marmor Schtiler Trocknen	0
Schtiler Stunden Ende GieBe Aufgabe Masse Marmor	0
Wiederhole Unterschied Beginn Beginn Materialien	0
Schtiler Proben Holz Unterschied Bestimme Proben	0
Experiment Regen Ganze Tabelle Ende Unterschied	0
Ende Stunden GieBe Ende Unterschied Gruppe Lege	0
Stunden Ende Regen Trocknen Behalter Beginn Entferne	0
Gruppe GieBe GieBe Tabelle Daten Proben Ganze	0
Gewicht Lege Kalkstein Masse Materialien Materialien	0
Plastik Informationen Stunden Wiederhole Aufgabe	0
Ganze Ende Materialien Lege Minuten Unterschied	0
Marmor Trocknen Plastik Regen Holz Proben Materials	0
Entferne Masse Gewicht Wasser Proben Aufgabe	0
Materials Behalter Behalter Behalter Gruppe Wiederhole	0
Daten Holz Marmor Gewicht Wasser Masse Behalter	0
Masse Schtiler Gewicht Materials Masse Stunden	0
Schtiler Stunden Beginn Materialien Lege Aufgabe	0
Aufgabe Ende Masse Behalter Beginn Aufgabe Wiederhole	0
Entferne Gruppe Aufgabe Ganze Trocknen Minuten	0
Behalter Entferne Ende Materialien Ende Masse	0
Stunden Aufgabe Experiment Kalkstein Regen GieBe	0
Daten Beginn Regen GieBe Aufgabe Stunden Masse	0
Stunden Ganze Masse Wiederhole Schtiler Materials	0
Schtiler Plastik Materials Gruppe Proben Trocknen	0
Bestimme Proben Gruppe Ganze Materialien Experiment	0
Stunden GieBe Stunden Schtiler Experiment Tabelle	0
Behiltern Minuten Wiederhole Wasser Daten Gruppe	0
Beginn Lege Ganze Regen Entferne Saurer Schtiler	0
Materials Marmor GieBe Gewicht Experiment Schtiler	0
Prozedur Gewicht Materials Kalkstein Wiederhole	0
Stunden Beginn Trocknen Holz Ende Entferne Materialien	0
Daten Bestimme Prozedur Gruppe Gruppe Beginn	0
Holz Ganze Tabelle Ganze Materials Prozedur Behiltern	0
Lege Stunden Wasser Daten Entferne Gewicht GieBe	0
Trocknen Masse Unterschied Prozedur Regen Wasser	0
Prozedur Behalter Trocknen Stunden Informationen	0
Prozedur Beginn Unterschied Daten Materialien	0
Unterschied Materials Prozedur Wasser Aufgabe	0
Masse Entferne GieBe Masse Stunden GieBe Unterschied	0
Informationen Unterschied Trocknen Holz Prozedur	0
Experiment Behiltern Behalter Minuten Prozedur	0
Schtiler Gruppe Behalter GieBe Stunden Bestimme	0
Gewicht Holz Trocknen Trocknen Plastik Saurer	0
Wiederhole Entferne Trocknen Behalter Lege Masse	0
Proben Wiederhole GieBe Wiederhole Lege Kalkstein	0
Unterschied GieBe Marmor Informationen Gruppe	0
Beginn Experiment Informationen Trocknen Wasser	0
Masse Masse Beginn Schtiler Entferne Trocknen	0
Unterschied Trocknen Prozedur Ende Entferne Holz	0
Materialien Experiment Informationen Gruppe Materials	0
Kalkstein Prozedur Informationen Wasser Unterschied	0
Proben Saurer Experiment Marmor Gewicht Holz	0
Bestimme Unterschied Trocknen Daten Kalkstein	0
Saurer Ganze GieBe Daten Stunden Kalkstein Bestimme	0
Schtiler Trocknen Gewicht GieBe Proben Tabelle	0
Wasser Lege Entferne Informationen Entferne Holz	0
Ende Behalter Marmor Plastik Materials Saurer	0
Entferne Prozedur GieBe Informationen Schtiler	0
Plastik Bestimme Lege Ende Minuten Saurer GieBe	0
Ende Marmor Materialien Stunden Stunden Unterschied	0
Marmor Aufgabe Lege Proben Gewicht Tabelle Saurer	0
Trocknen Prozedur Stunden Entferne Minuten Bestimme	0
Gruppe Wiederhole Informationen Marmor Saurer	0
Materialien Tabelle GieBe Kalkstein Kalkstein	0
Behalter Prozedur Tabelle Informationen Minuten	0
Prozedur Masse Wiederhole Prozedur Beginn Gewicht	0
Gruppe Behalter Gewicht Experiment Wiederhole	0
Gewicht Gruppe GieBe Saurer Minuten Trocknen	0
Saurer Prozedur Tabelle Prozedur GieBe Ganze	0
Proben Wasser Ende Trocknen Bestimme Informationen	0
Behiltern Stunden Gewicht Gruppe Informationen	0
Lege Unterschied Wasser Materials Ende Daten	0
Experiment Ganze Materials GieBe Experiment Ganze	0
Tabelle Entferne Saurer Beginn Aufgabe Ganze	0
Materialien Saurer Materials Aufgabe Experiment	0
Daten Masse GieBe Gewicht Stunden Unterschied	0
Unterschied Behiltern Schtiler Entferne Masse	0
Prozedur Ganze Ganze Saurer Ende Informationen	0
Gewicht Wiederhole Plastik Stunden Kalkstein	0
Behalter Ganze Saurer Schtiler Lege Stunden Holz	0
Behalter Schtiler Proben Gewicht Ganze Proben	0
Materials Behalter Masse GieBe Materialien Stunden	0
Stunden Beginn Materialien Wasser Aufgabe Plastik	0
Regen Beginn Tabelle Daten Ende Experiment Gewicht	0
Beginn Tabelle Holz Marmor Experiment Behalter	0
Stunden Daten Prozedur Kalkstein Wiederhole Entferne	0
Marmor Minuten Ganze Trocknen Holz Wasser Informationen	0
Aufgabe GieBe Behalter Plastik Behalter Experiment	0
Daten Lege Holz Informationen Beginn GieBe Ende	0
GieBe Prozedur Minuten Behiltern Proben Entferne	0
Kalkstein Regen Behalter Informationen Unterschied	0
Wasser Ende GieBe Kalkstein Stunden Stunden Trocknen	0
Beginn Daten Proben Lege Trocknen Behalter Regen	0
Behalter Ende Informationen Behiltern Behiltern	0
Lege Materials Beginn Masse Unterschied Marmor	0
Wiederhole Ende Lege Minuten Unterschied Marmor	0
Entferne Masse Daten GieBe Gruppe Materialien	0
Ende Schtiler Experiment Beginn Plastik Tabelle	0
Materials Minuten Materials Gruppe Entferne Informationen	0
Proben Experiment Aufgabe Saurer Beginn Ganze	0
Wiederhole Gewicht Kalkstein Behiltern Experiment	0
Regen Beginn Minuten Kalkstein Stunden Informationen	0
Stunden Lege Plastik Lege Stunden Materialien	0
Gewicht Aufgabe Bestimme Behiltern Behiltern	0
Schtiler Informationen Schtiler Marmor Entferne	0
Ende Kalkstein Minuten Trocknen Daten Bestimme	0
Proben Entferne Wiederhole Tabelle Informationen	0
Bestimme Wiederhole Plastik Wasser GieBe Marmor	0
Bestimme Aufgabe Schtiler Aufgabe Ende Wasser	0
Daten Daten Trocknen Schtiler Regen Regen Behalter	0
GieBe Aufgabe Behiltern Gruppe Unterschied Beginn	0
Behiltern Daten Regen Wasser Minuten Schtiler	0
Wiederhole Trocknen Minuten Experiment Wiederhole	0
Proben Trocknen Stunden Beginn Regen Bestimme	0
Gruppe Unterschied Marmor Lege Saurer Beginn	0
Materialien Materials Proben Ende Prozedur Minuten	0
Daten Lege Plastik Materialien Bestimme Gruppe	0
Gruppe Gruppe Gruppe Ende Behiltern Holz Materials	0
Tabelle Ganze Materials Entferne Beginn Trocknen	0
Tabelle Daten Wasser Behiltern Gewicht Behiltern	0
Materials Materialien Wasser Holz Aufgabe Entferne	0
Entferne Gruppe Ende Behalter Informationen Wiederhole	0
Bestimme Marmor Proben Schtiler Ganze Marmor	0
Schtiler Materialien Trocknen Schtiler Schtiler	0
Proben Prozedur Bestimme Proben Ende Ende Experiment	0
Wasser Prozedur Proben Aufgabe Saurer Masse Informationen	0
GieBe Proben Saurer Daten Ende Proben Masse Bestimme	0
Trocknen Prozedur GieBe Entferne Masse Gewicht	0
Behalter Masse Lege Materials Trocknen Kalkstein	0
Behiltern Bestimme Materialien Proben Unterschied	0
Minuten Proben Behiltern Aufgabe Regen Marmor	0
Beginn GieBe Ganze Gruppe Informationen Bestimme	0
Regen Lege Aufgabe Materialien Bestimme Informationen	0
Entferne Kalkstein Lege Wiederhole Aufgabe Proben	0
Minuten Prozedur Materials GieBe Beginn Experiment	0
Bestimme Bestimme Experiment Gewicht Aufgabe	0
Ende Aufgabe Behalter Lege GieBe Plastik Unterschied	0
Experiment Lege Holz Gewicht Ende Entferne Saurer	0
Plastik Ganze Beginn GieBe Marmor Stunden Wiederhole	0
Behiltern Wasser Gewicht Daten Ganze Informationen	0
Lege Behiltern Trocknen Tabelle Bestimme Ende	0
Marmor Saurer GieBe Bestimme Materialien Masse	0
Lege Unterschied Beginn Marmor Wasser Ganze Wiederhole	0
Holz Behiltern Masse Entferne GieBe Tabelle Marmor	0
Masse Trocknen Prozedur Wasser Tabelle Saurer	0
Wasser Prozedur Entferne Trocknen Wiederhole	0
Trocknen Lege Marmor Marmor Regen Lege Ende Behiltern	0
Proben Gruppe Behalter Saurer Prozedur Behalter	0
Aufgabe Kalkstein Ganze Informationen Proben	0
Proben Masse Regen Wiederhole Entferne Behalter	0
Materialien Materialien Minuten Informationen	0
Trocknen Ende Kalkstein Trocknen Proben Gewicht	0
Ganze Holz Beginn Materials Tabelle Lege Informationen	0
Entferne Behalter Lege Aufgabe Gewicht Bestimme	0
Regen Lege Unterschied Schtiler Saurer Wasser	0
Tabelle Schtiler Wasser Ende Wiederhole Holz	0
Aufgabe GieBe Informationen Behalter Behiltern	0
Behalter Unterschied Holz Experiment Wasser Trocknen	0
Behalter Behiltern Gewicht Ende Lege Gewicht	0
Entferne Wasser Daten Gewicht Aufgabe Saurer	0
Masse Prozedur Experiment Trocknen Masse Holz	0
Regen Minuten Trocknen Bestimme Entferne Behalter	0
Holz Informationen Masse Wasser Regen Trocknen	0
Ende Minuten Plastik GieBe Plastik Aufgabe Gruppe	0
Masse Wiederhole Informationen Entferne GieBe	0
Gewicht Beginn Materials Ende Schtiler Gewicht	0
Prozedur Plastik Behiltern Plastik Prozedur Daten	0
Trocknen Gruppe Behiltern Beginn Behiltern Informationen	0
Kalkstein Materialien Beginn Proben Proben Schtiler	0
Wiederhole Informationen Behiltern Aufgabe Behiltern	0
Ende Kalkstein Informationen Proben Trocknen	0
Daten Beginn Kalkstein Schtiler Materials Entferne	0
Beginn Trocknen Ganze Kalkstein Marmor Plastik	0
Tabelle Daten Holz Behiltern Ende Holz Behiltern	0
Materialien Saurer Experiment Ganze Ganze Wasser	0
Gewicht Prozedur Lege Ganze Saurer Gruppe Regen	0
Proben Stunden Aufgabe Regen Lege Experiment	0
Ganze Minuten Ende Marmor Wiederhole Experiment	0
Unterschied Beginn Tabelle Proben Beginn Regen	0
Wasser Holz Kalkstein Beginn Marmor Gruppe Ende	0
Plastik Marmor Kalkstein Ganze Unterschied Holz	0
Aufgabe Lege Gruppe Ende Unterschied Tabelle	0
Schtiler Entferne Aufgabe Masse Bestimme Ende	0
Entferne GieBe Gruppe Schtiler Bestimme Ganze	0
Entferne Wiederhole Prozedur Stunden Holz Saurer	0
Kalkstein Trocknen Materials Wiederhole Saurer	0
Lege Proben Wasser Materialien Wasser Behalter	0
Stunden Trocknen Behiltern Ende Bestimme Gruppe	0
Daten Saurer Experiment Minuten Lege Informationen	0
Materials Schtiler Lege Ganze Schtiler GieBe	0
Tabelle Beginn Entferne Daten Marmor Tabelle	0
Lege Materials Ende Bestimme Prozedur Minuten	0
Marmor Trocknen Ende Saurer Trocknen Ende Masse	0
Unterschied Materialien Trocknen Proben Beginn	0
Behiltern Lege Wasser Prozedur Materialien GieBe	0
Proben Ganze GieBe Ende Daten Unterschied Gruppe	0
Materialien Aufgabe Ganze Bestimme Informationen	0
Gewicht Informationen Stunden Ganze Prozedur	0
Tabelle GieBe Unterschied Holz Holz Unterschied	0
Informationen Ende Informationen Stunden Gewicht	0
Bestimme Materialien Informationen Lege Trocknen	0
Trocknen Bestimme Kalkstein Informationen Kalkstein	0
Wasser Wiederhole Trocknen Materials Masse Masse	0
Proben Materialien Kalkstein Masse Bestimme Proben	0
Marmor Marmor Lege Plastik GieBe Ende Bestimme	0
Materialien GieBe Gewicht Prozedur Proben Gewicht	0
Aufgabe Bestimme Proben Ende Ganze Ende Behalter	0
Bestimme Saurer Kalkstein Marmor Plastik Lege	0
Materials Materials Wiederhole Ende Regen Materialien	0
Wasser Plastik Masse Saurer Stunden Entferne	0
Gruppe Informationen Minuten Gruppe Entferne	0
Unterschied Proben Wiederhole Kalkstein Daten	0
Saurer Tabelle Trocknen Tabelle Wiederhole Kalkstein	0
Gewicht Saurer Proben Behalter GieBe Bestimme	0
Regen Beginn Beginn Prozedur Minuten Plastik	0
Minuten Stunden Wiederhole Marmor Stunden Kalkstein	0
Stunden Proben Behalter Ganze Entferne Materialien	0
Lege Materialien Trocknen Tabelle Gewicht Ganze	0
Masse Lege Experiment Beginn Materialien Daten	0
Masse Gruppe Gruppe Stunden GieBe Marmor Behiltern	0
Lege Tabelle Beginn Ende Materials Unterschied	0
Bestimme Materials Ende Behiltern Behalter Regen	0
Gruppe Aufgabe Aufgabe Saurer Marmor Plastik	0
Lege Masse Experiment Marmor Unterschied Plastik	0
Entferne Marmor Stunden Gewicht Minuten Ende	0
Tabelle Wasser Minuten Kalkstein Kalkstein Trocknen	0
Entferne Prozedur Behalter Materialien GieBe	0
Holz Wasser Behiltern Masse Materialien Schtiler	0
Prozedur Gruppe Aufgabe Minuten Beginn Tabelle	0
Marmor Marmor Materialien Experiment Wasser Beginn	0
Entferne Gewicht Ende Ganze Proben Trocknen Ganze	0
Wasser Regen Prozedur Marmor Marmor Materialien	0
Kalkstein Gruppe Masse Minuten Schtiler Prozedur	0
Bestimme Kalkstein Informationen Ende Schtiler	0
Materialien Informationen Wasser Minuten Beginn	0
Plastik Stunden Saurer Informationen Behalter	0
Gruppe Entferne Kalkstein Daten Behiltern Saurer	0
Beginn Gruppe Tabelle Gewicht Entferne GieBe	0
Behiltern Lege Kalkstein Stunden Proben GieBe	0
Unterschied Gewicht Daten Prozedur Masse Experiment	0
Bestimme Schtiler Informationen Ende Ende Ganze	0
Experiment Daten Gewicht Prozedur Aufgabe Saurer	0
Lege Kalkstein Holz Aufgabe Materialien Wiederhole	0
Behiltern Wiederhole Behalter GieBe Holz Tabelle	0
Ganze Holz Tabelle Saurer Informationen Proben	0
Trocknen Daten Ende Informationen Informationen	0
Prozedur Materialien Behiltern Trocknen Minuten	0
Bestimme Aufgabe Prozedur Informationen Wiederhole	0
Regen Marmor GieBe Beginn Bestimme Gruppe Entferne	0
Trocknen Saurer Tabelle Behiltern Masse Entferne	0
Gewicht Prozedur Ganze Stunden Informationen	0
Materials Kalkstein Minuten Unterschied GieBe	0
Kalkstein Trocknen GieBe Masse Holz Regen Beginn	0
Saurer Prozedur Ganze Schtiler Tabelle Saurer	0
Gewicht Materials Experiment Wiederhole Beginn	0
Ganze Wasser Entferne Lege Marmor Schtiler Saurer	0
Stunden Daten Daten Informationen Stunden Tabelle	0
Ganze Prozedur Beginn Daten Materials Kalkstein	0
Ganze Stunden Wasser Daten Marmor Materials Beginn	0
Tabelle Tabelle Saurer Materialien Masse Beginn	0
Plastik Ganze Unterschied Regen Wasser Unterschied	0
GieBe Ganze Kalkstein Tabelle Behalter Informationen	0
Saurer Kalkstein Trocknen Ende Daten Gewicht	0
Gewicht Materialien Beginn Plastik Trocknen Minuten	0
Trocknen Prozedur Regen Behiltern Saurer Marmor	0
Behiltern Stunden Wiederhole Stunden Proben Marmor	0
Materialien Gewicht Wasser Holz Proben Masse	0
Behalter Marmor Unterschied Saurer Informationen	0
Daten GieBe Gruppe Bestimme Behiltern Beginn	0
Saurer Materialien Materialien Materials Experiment	0
Minuten Experiment Behiltern Lege Masse Proben	0
Masse Behalter Saurer Gewicht Ende Masse Regen	0
Bestimme Bestimme Wiederhole Saurer Lege Prozedur	0
Marmor Proben Behiltern Prozedur Behalter Bestimme	0
Aufgabe Plastik Entferne Materials Behalter Tabelle	0
Regen Holz Materials Proben Plastik Kalkstein	0
Bestimme Schtiler GieBe Lege Saurer Entferne	0
Kalkstein Masse Kalkstein Regen Informationen	0
Holz Informationen Stunden Unterschied Prozedur	0
Entferne Plastik Proben Tabelle Aufgabe Tabelle	0
Daten Informationen Minuten Regen Entferne Tabelle	0
Entferne Holz Wasser Tabelle Stunden Wasser Prozedur	0
Ganze Beginn Bestimme Trocknen Experiment Prozedur	0
Gruppe Materialien Informationen Daten Ganze	0
Informationen Kalkstein Marmor Saurer Ende Proben	0
Behalter Entferne Materialien Minuten Holz Informationen	0
Behalter Experiment Gruppe GieBe Wiederhole Behiltern	0
Ganze Minuten Bestimme Prozedur GieBe Lege Minuten	0
Marmor Prozedur Tabelle Gruppe Schtiler Kalkstein	0
Informationen Daten Unterschied Schtiler Prozedur	0
Kalkstein Trocknen Behalter Proben Wiederhole	0
Wasser Aufgabe Daten Marmor Masse Regen Schtiler	0
Holz Gruppe Minuten Bestimme Saurer Plastik Masse	0
Ende Regen Beginn Entferne Informationen Daten	0
Entferne Saurer Daten Wiederhole Schtiler Daten	0
Prozedur Ganze Lege Behalter Minuten Saurer Behalter	0
Beginn Gruppe Entferne Experiment Holz Bestimme	0
Unterschied Unterschied Saurer Regen Materialien	0
Behalter Plastik Regen Beginn Experiment Behalter	0
Wiederhole Holz Trocknen Holz Experiment Ende	0
Wasser Regen Gewicht Bestimme Ganze Aufgabe Daten	0
Minuten Schtiler Experiment Behiltern Wasser	0
Tabelle Lege Ganze Prozedur Marmor Prozedur Tabelle	0
Minuten Wiederhole Gewicht Wiederhole Gruppe	0
Lege Wiederhole Gewicht Gruppe Schtiler Holz	0
Gruppe Aufgabe Behiltern GieBe Trocknen Schtiler	0
Masse Masse Entferne Bestimme Marmor Tabelle	0
Kalkstein Wasser Bestimme Ende Masse Materialien	0
Marmor Unterschied Unterschied Wasser Lege Trocknen	0
Marmor Beginn GieBe Stunden Materials Gruppe	0
Ganze Daten Lege Ende Stunden Informationen Bestimme	0
Materialien Marmor Tabelle Materialien Daten	0
Plastik Marmor Saurer Trocknen Wasser Tabelle	0
Marmor Lege Stunden Behalter Saurer Schtiler	0
Aufgabe Daten Entferne Tabelle Schtiler Trocknen	0
Gruppe Ende Ganze Entferne Wasser Behalter Ganze	0
Unterschied Gruppe GieBe Ganze Prozedur Marmor	0
Wasser Beginn Masse Trocknen Beginn Tabelle Tabelle	0
Tabelle Behiltern Materialien Kalkstein Bestimme	0
Behiltern Stunden Proben Ganze GieBe Regen Trocknen	0
Informationen Trocknen Tabelle Marmor Masse Regen	0
Materials Experiment Beginn Materialien Behalter	0
Experiment Gewicht Ende Behiltern Regen Holz	0
Masse Gewicht Daten Behalter Tabelle Bestimme	0
Marmor Behalter Minuten Wiederhole Informationen	0
Tabelle Bestimme Aufgabe Saurer GieBe Materials	0
Gewicht Proben Lege Marmor Saurer Bestimme Wasser	0
Aufgabe Tabelle Materials Entferne Kalkstein	0
Behiltern Ende Minuten Prozedur Masse GieBe Proben	0
Aufgabe Marmor Experiment Ende Experiment Prozedur	0
Schtiler Minuten Wasser Masse Regen Informationen	0
Minuten Behiltern Stunden Plastik Stunden Daten	0
Tabelle Proben Masse Behiltern GieBe Minuten	0
Ganze Kalkstein Lege Minuten Materials Materials	0
Gewicht Gewicht Proben Masse Materials Regen	0
Tabelle Holz Trocknen Regen Schtiler Saurer Informationen	0
Schtiler Materialien Entferne Experiment Lege	0
Entferne Masse Saurer Plastik Proben Gewicht	0
Experiment Lege Holz Materials Behiltern Holz	0
Lege Regen Trocknen Lege Gewicht Ganze Gruppe	0
Materials Daten Aufgabe Daten Materials Beginn	0
Unterschied Ganze Kalkstein Behiltern Aufgabe	0
Unterschied Plastik Behalter Gewicht Minuten	0
Proben Materials Materials Masse Beginn Minuten	0
Entferne Materials Entferne Proben Masse Schtiler	0
Holz GieBe Beginn Ganze Marmor Behiltern Kalkstein	0
Plastik Materialien Stunden Aufgabe Beginn Gewicht	0
Saurer Wasser Daten Informationen Tabelle Proben	0
Materialien Daten Marmor Experiment Unterschied	0
Aufgabe Plastik Behalter Trocknen Wasser Gewicht	0
Experiment Materials Unterschied Aufgabe Ende	0
Saurer Schtiler Behiltern Gewicht Materials Unterschied	0
Lege Stunden Gewicht Experiment Minuten Unterschied	0
Prozedur Schtiler Prozedur Kalkstein Plastik	0
Trocknen Experiment Trocknen Gruppe Ganze Masse	0
Gruppe Lege Informationen Holz Wiederhole Kalkstein	0
Stunden Ende Wasser Experiment GieBe Wasser Prozedur	0
Trocknen Behalter Entferne Daten Masse Plastik	0
Unterschied Gewicht Daten Proben Daten Daten	0
Experiment Behalter Beginn Kalkstein Unterschied	0
Bestimme Wiederhole GieBe Daten Ende Materialien	0
Trocknen Aufgabe Behalter Prozedur Wasser Beginn	0
Tabelle Saurer Gewicht Schtiler Ganze Experiment	0
Minuten Behalter Holz Entferne Informationen	0
Materials Ende Bestimme Materials Regen Entferne	0
Holz Prozedur Gewicht Daten Ende Lege Lege Stunden	0
Lege GieBe Saurer Lege Marmor Materialien Gewicht	0
Wasser Ende Plastik GieBe Lege Saurer Bestimme	0
Marmor Masse Gewicht Stunden Beginn Daten Aufgabe	0
Beginn Minuten GieBe Minuten Prozedur Plastik	0
Behalter Materialien Gruppe Kalkstein Beginn	0
Aufgabe Gruppe Entferne Trocknen Schtiler Ganze	0
Regen Bestimme Informationen GieBe Trocknen Schtiler	0
Aufgabe Experiment Marmor Masse Materialien Wasser	0
Gewicht Bestimme Experiment Stunden Proben Entferne	0
Materials Behalter Schtiler Saurer Minuten Gewicht	0
Ende Plastik GieBe Schtiler Materialien Minuten	0
Ende Masse Entferne Tabelle Tabelle Trocknen	0
Holz Stunden Unterschied Holz Schtiler Prozedur	0
Saurer Gruppe Saurer Minuten Stunden Trocknen	0
Trocknen Unterschied Wasser Beginn Behalter Lege	0
Behiltern Materials Wasser Ganze Ende Marmor	0
Gruppe Daten Minuten Schtiler Informationen Informationen	0
Proben Experiment Ende Behalter Proben Ganze	0
Lege Marmor Holz Materials Materials Unterschied	0
Unterschied Saurer Tabelle Proben Materialien	0
Holz Bestimme Masse Minuten Kalkstein Regen Kalkstein	0
Trocknen Regen Proben Aufgabe GieBe Masse Schtiler	0
Ganze Saurer Prozedur Gewicht Regen Schtiler	0
Stunden Proben Schtiler Materialien Kalkstein	0
Wasser Experiment Holz Bestimme GieBe Saurer	0
Saurer Minuten Entferne Ende Minuten Bestimme	0
Gruppe Experiment Informationen Entferne Marmor	0
Stunden Lege Plastik Behalter Schtiler Proben	0
Gruppe Wasser Daten Holz Wiederhole Aufgabe Trocknen	0
Daten Prozedur Unterschied Entferne Plastik Lege	0
Gewicht Plastik Ganze Prozedur Holz Ganze Ende	0
Plastik Experiment Wasser Plastik Gruppe Ende	0
Ganze Informationen Beginn Stunden Wiederhole	0
Daten Gewicht Entferne Unterschied Ganze Materialien	0
Holz Prozedur Trocknen Bestimme Holz Proben Behalter	0
Tabelle Ganze Materialien Prozedur Proben Ganze	0
Aufgabe Aufgabe Behiltern Daten Trocknen Lege	0
Saurer Tabelle Marmor Informationen Ende Marmor	0
Daten Schtiler Schtiler Prozedur Kalkstein GieBe	0
Prozedur Daten Lege Gruppe Materialien Marmor	0
Gruppe Marmor Ganze Proben Wasser Trocknen Ganze	0
Experiment Regen GieBe Gewicht Bestimme Materials	0
Minuten Minuten Holz Daten Daten Wasser Aufgabe	0
Plastik Bestimme Plastik Masse Materialien Minuten	0
Lege Ende Entferne Plastik Holz Masse Lege Schtiler	0
Gruppe Materialien Holz Behalter Gruppe Holz	0
Masse Lege Unterschied Behalter Behiltern Stunden	0
Stunden Behiltern Proben Wiederhole Behalter	0
Unterschied Informationen Experiment Minuten	0
Prozedur Schtiler Holz Unterschied Materials	0
Minuten Proben Behiltern Unterschied Gewicht	0
Ganze Wasser Entferne Plastik Beginn Tabelle	0
Materials Prozedur Gruppe Gruppe Plastik Experiment	0
Wiederhole Ganze Kalkstein Informationen Holz	0
Unterschied Saurer Experiment Trocknen Lege Stunden	0
Behiltern Gruppe Masse Wiederhole Masse Gruppe	0
Trocknen Daten Behalter Saurer Plastik Behiltern	0
Beginn Holz Proben Unterschied Entferne Holz	0
Gruppe Experiment Experiment Entferne Gewicht	0
Regen Daten Minuten Materials Tabelle Holz Prozedur	0
Tabelle Tabelle Marmor Entferne Tabelle Regen	0
Daten Holz Unterschied Beginn Informationen Bestimme	0
Bestimme Minuten Saurer Informationen Proben	0
Tabelle Tabelle Unterschied Kalkstein Behalter	0
Regen Daten Aufgabe Informationen Aufgabe Holz	0
Aufgabe Materialien Prozedur Ganze Materialien	0
Informationen Masse Wasser Plastik Stunden Minuten	0
GieBe GieBe Stunden Beginn Tabelle Gewicht Marmor	0
GieBe Regen Beginn Proben Entferne Schtiler Lege	0
Prozedur Regen Marmor Proben GieBe Kalkstein	0
Minuten Bestimme Saurer Regen Daten Stunden Plastik	0
Wiederhole Holz Entferne Aufgabe Saurer Wasser	0
Masse Informationen Aufgabe GieBe Aufgabe Materials	0
Kalkstein Experiment Tabelle Marmor Bestimme	0
Ende Holz Stunden Plastik Aufgabe Unterschied	0
Saurer Lege Proben Entferne Behalter Holz Beginn	0
Regen Regen Bestimme Tabelle Behalter Prozedur	0
Wasser Aufgabe Gruppe Ganze Masse Plastik Bestimme	0
Trocknen Proben Minuten Experiment Ganze GieBe	0
Kalkstein Trocknen Lege Stunden Wasser Masse	0
Gewicht Experiment Entferne Plastik Gruppe Wiederhole	0
Saurer Materials GieBe Beginn Daten Tabelle Marmor	0
Informationen Wasser Daten Gewicht Unterschied	0
Beginn Aufgabe Kalkstein Gewicht Aufgabe Tabelle	0
Prozedur Beginn Holz Bestimme Unterschied Tabelle	0
Unterschied Behalter Holz Ende Ende Plastik Wiederhole	0
Entferne Regen Ganze Kalkstein Saurer Ende Materials	0
Unterschied Ende Holz Masse Proben Lege Beginn	0
Marmor Ganze Stunden Ende Materials Informationen	0
Experiment Behiltern Entferne Bestimme Materialien	0
Entferne Saurer Wasser Prozedur Daten Daten Tabelle	0
Stunden Tabelle Gewicht Unterschied Lege Stunden	0
Ganze Plastik Plastik Plastik Marmor Minuten	0
Plastik Regen Stunden Holz Minuten Gruppe Plastik	0
Experiment Behalter Entferne Kalkstein Daten	0
Aufgabe Unterschied Unterschied Wiederhole Experiment	0
Lege Masse Entferne Proben Experiment Regen Kalkstein	0
Regen Marmor Proben Behiltern Proben Schtiler	0
Schtiler Minuten Marmor Prozedur Marmor Daten	0
Stunden Regen Proben Beginn GieBe Daten Tabelle	0
Entferne Plastik Bestimme Informationen GieBe	0
Trocknen Masse Trocknen Trocknen Ganze Beginn	0
Holz Daten Experiment Entferne Behiltern Prozedur	0
Informationen Marmor Regen Entferne Aufgabe Masse	0
Behiltern Aufgabe Plastik Prozedur Gruppe Ende	0
Regen Marmor Proben Informationen Prozedur Masse	0
Gruppe Prozedur Behiltern GieBe Lege Bestimme	0
Masse Materialien Aufgabe Marmor Lege Informationen	0
Gruppe Ende Proben Prozedur Marmor Schtiler Experiment	0
Daten Regen Minuten Regen Stunden Stunden Informationen	0
Unterschied Wiederhole Proben Masse Materialien	0
Saurer Prozedur Wasser Masse Saurer Gewicht Entferne	0
Bestimme Ende Daten Aufgabe Trocknen Gewicht	0
Ganze GieBe Regen Holz Wiederhole Materials Masse	0
Regen Wasser Materialien Beginn Unterschied Materialien	0
Gruppe Aufgabe Lege Experiment Holz Gruppe Lege	0
Lege Gewicht Informationen Stunden Tabelle Holz	0
Unterschied Wiederhole Trocknen Informationen	0
Marmor Plastik Beginn Ende Unterschied Minuten	0
Daten Lege Informationen Proben Saurer Minuten	0
Minuten Behiltern Behalter Behiltern Stunden	0
Lege Regen Wiederhole Wiederhole Unterschied	0
Trocknen Wiederhole Ganze Unterschied Trocknen	0
Lege Behiltern Gruppe Tabelle Materialien GieBe	0
Entferne Ganze Schtiler Unterschied Marmor Wiederhole	0
Informationen Experiment Experiment Stunden Trocknen	0
Saurer Ganze Experiment Wasser Unterschied Schtiler	0
Trocknen Gewicht Ganze Behalter Minuten Tabelle	0
Behiltern Beginn Entferne Behalter Gewicht Wasser	0
Materialien Wiederhole Holz Stunden Masse Behalter	0
Holz GieBe Stunden Masse GieBe Gewicht Behiltern	0
Experiment Lege Behiltern Daten Holz Kalkstein	0
Saurer Bestimme Gruppe Wasser Daten Proben Unterschied	0
Proben Behiltern Minuten Ende Marmor Lege Ende	0
Beginn Gruppe Schtiler Gruppe Bestimme Ende Holz	0
Unterschied Holz Minuten Materials Beginn Proben	0
Marmor Proben Entferne Stunden Tabelle Entferne	0
Minuten Schtiler Experiment Holz Ende Lege Daten	0
Gruppe Gewicht Materials Trocknen Bestimme Materials	0
Trocknen Beginn Wasser Behiltern Schtiler Marmor	0
Materials Entferne Beginn Gruppe GieBe Trocknen	0
Informationen Proben Prozedur Stunden Behalter	0
GieBe Materials Materialien Materials Minuten	0
Beginn Gewicht Behalter Materials GieBe Wasser	0
Ganze Wasser Stunden Gewicht Beginn Minuten Beginn	0
Minuten Materialien Beginn Informationen Beginn	0
Holz Informationen Materials Proben Wasser Ganze	0
Tabelle Unterschied Lege Ganze Ende Experiment	0
Wiederhole Ganze Experiment Experiment Materials	0
Gruppe Wiederhole GieBe Beginn Experiment Materials	0
Materials Wiederhole Unterschied Materialien	0
Unterschied Entferne Materialien Masse Proben	0
Saurer Kalkstein Marmor Experiment Stunden Wiederhole	0
Prozedur GieBe Gewicht Beginn Masse Schtiler	0
Materials Bestimme Plastik Prozedur Materialien	0
Behiltern Lege Regen GieBe Prozedur Aufgabe Wiederhole	0
Proben Entferne Trocknen Wiederhole Behiltern	0
Beginn Holz Ganze Bestimme Schtiler GieBe Beginn	0
Regen Wasser Behalter Entferne Entferne Tabelle	0
Materials Unterschied Entferne Proben Daten Minuten	0
Proben Materialien Lege Proben Gewicht Bestimme	0
Materialien Wiederhole Beginn Materials Unterschied	0
Aufgabe Wasser Lege Lege Beginn Gruppe Proben	0
Gewicht Materials Marmor Regen Materialien Ende	0
Daten Informationen Experiment Bestimme Schtiler	0
Daten Materials Proben Lege Gewicht Informationen	0
Unterschied Kalkstein Materialien Ende Gewicht	0
Experiment Gruppe Entferne GieBe Experiment GieBe	0
Beginn Trocknen Masse Lege Behalter Trocknen	0
Experiment Minuten Holz Proben Materials Lege	0
Marmor Daten Trocknen Ganze Gruppe Holz Saurer	0
Gewicht Proben Ganze Proben Daten Ende Marmor	0
Bestimme Prozedur Beginn Schtiler Aufgabe GieBe	0
Materials Lege Experiment Wasser Beginn Plastik	0
Wasser Ende Wasser Wasser Ganze Behiltern Wasser	0
Wasser GieBe Daten Ganze Materials GieBe Informationen	0
Bestimme Behalter Regen GieBe Holz Gewicht Prozedur	0
Ganze Plastik Daten Entferne Beginn Gewicht Bestimme	0
Materialien Marmor Minuten Lege Daten Minuten	0
Aufgabe Prozedur Kalkstein Gewicht Gewicht Behiltern	0
Wiederhole Stunden Trocknen Materials Materials	0
Materialien Saurer Trocknen Holz Bestimme Aufgabe	0
Kalkstein Ganze Bestimme Daten Masse Unterschied	0
Prozedur Schtiler Marmor Materialien Ende Aufgabe	0
Behiltern Behiltern Proben Gruppe Proben Marmor	0
Wasser Holz Ende Beginn Wiederhole Materialien	0
Gruppe Daten Masse GieBe Gewicht Ganze Informationen	0
Tabelle Regen Wasser Marmor Gruppe Entferne Wiederhole	0
Entferne Wasser Schtiler Saurer Behalter Unterschied	0
Aufgabe Tabelle Trocknen Prozedur Unterschied	0
Stunden Bestimme Ganze Behiltern Aufgabe Marmor	0
Behiltern Masse Informationen Entferne Materials	0
Tabelle Bestimme Entferne Entferne Materialien	0
Beginn Trocknen Marmor Kalkstein Saurer Gewicht	0
Ende Plastik GieBe Plastik Informationen Gewicht	0
Regen Regen Unterschied Trocknen Stunden Beginn	0
Materialien Trocknen Bestimme Beginn Trocknen	0
Materials GieBe GieBe Prozedur Tabelle GieBe	0
Schtiler Tabelle Plastik Stunden Materials Unterschied	0
Prozedur Aufgabe Behiltern Tabelle Stunden Lege	0
Materials Gewicht Aufgabe Gewicht Behiltern Masse	0
Entferne Masse Minuten Wasser Minuten Saurer	0
Stunden Kalkstein Bestimme Proben Trocknen Informationen	0
Lege Gruppe Lege Ende Kalkstein Bestimme Masse	0
Regen Wasser Lege Informationen Holz GieBe Wiederhole	0
Bestimme Materialien Prozedur Tabelle Ende Tabelle	0
Marmor Schtiler Gruppe Experiment Materials Ganze	0
Behiltern Gewicht Saurer Materialien Masse Aufgabe	0
Materialien Bestimme Ende Wiederhole Proben Materials	0
Gruppe Stunden Ganze Schtiler Saurer Behiltern	0
Masse Prozedur Trocknen Stunden Holz Bestimme	0
Marmor Tabelle Marmor Entferne Behalter Informationen	0
GieBe Masse Gruppe Trocknen Ganze Prozedur Experiment	0
Beginn Behalter Trocknen Experiment Minuten Materialien	0
Tabelle Wiederhole Schtiler Experiment Gruppe	0
Unterschied Proben Prozedur Regen Materialien	0
Gewicht Unterschied Materials Gewicht Prozedur	0
Minuten Unterschied Wasser Ganze Prozedur Lege	0
Stunden Marmor Unterschied Informationen Proben	0
Tabelle Stunden Stunden Gruppe Holz Kalkstein	0
Behalter Experiment Materialien Regen Entferne	0
Saurer Gewicht Stunden Prozedur Schtiler Regen	0
Wasser Minuten Marmor Experiment Holz Holz Kalkstein	0
Saurer Experiment Gewicht Masse Plastik Holz	0
Wasser Materialien Prozedur Daten Ende Lege Informationen	0
Masse Unterschied Tabelle Behalter Prozedur Prozedur	0
Wiederhole Ganze Wiederhole Behiltern Tabelle	0
Ganze Unterschied Marmor Behalter Entferne Masse	0
Saurer Kalkstein Aufgabe Entferne Experiment	0
Stunden Materialien Regen Marmor Holz Gewicht	0
Gruppe Gewicht Regen Lege Kalkstein Aufgabe Materialien	0
Gewicht Entferne Gewicht Behalter Stunden Plastik	0
Wiederhole Stunden Gruppe Holz Beginn Proben	0
Behiltern Saurer Bestimme Marmor Masse Beginn	0
Holz Kalkstein Kalkstein Gruppe Tabelle Saurer	0
Ende Stunden Minuten Trocknen Informationen Gruppe	0
Trocknen Behiltern Entferne Gewicht Trocknen	0
Ganze Unterschied Masse Unterschied Informationen	0
Ende Minuten Behiltern Materialien Behalter Marmor	0
Entferne Wiederhole Ganze Ganze Wasser Gruppe	0
Prozedur Behalter Wasser Holz Gruppe Gruppe Entferne	0
Marmor Behalter Wasser Trocknen Minuten Unterschied	0
Materials Minuten Experiment Stunden Behiltern	0
Trocknen Plastik Plastik Bestimme Prozedur Minuten	0
Experiment Entferne Daten Ende Regen Materialien	0
Wiederhole Marmor Behiltern Saurer Wasser Behalter	0
Behiltern Kalkstein Plastik Tabelle Trocknen	0
Materialien Aufgabe Daten Minuten Ganze Materials	0
Masse Saurer Wiederhole Holz Beginn Regen Lege	0
Regen Minuten Ganze Schtiler Materials Plastik	0
Unterschied Minuten Experiment Wasser Entferne	0
Regen Prozedur Gewicht Informationen Saurer Gewicht	0
Behiltern Wasser Prozedur Aufgabe Bestimme Gewicht	0
Aufgabe Schtiler Schtiler Unterschied Behalter	0
Proben Aufgabe GieBe Gruppe Materialien Entferne	0
Minuten Daten Prozedur Unterschied Plastik Entferne	0
Regen GieBe Beginn Marmor Tabelle Ende Experiment	0
Holz Ganze Materials Proben Wiederhole Ganze	0
Aufgabe Experiment Gewicht Lege Saurer Plastik	0
Ende Saurer Informationen Proben Materials Entferne	0
Minuten Marmor Unterschied Schtiler Kalkstein	0
Beginn Bestimme Aufgabe Aufgabe Entferne Lege	0
Trocknen Proben Aufgabe Lege Marmor Lege Ende	0
Wasser Prozedur Aufgabe Aufgabe Kalkstein Trocknen	0
Kalkstein Behiltern Wiederhole Tabelle Saurer	0
Holz Proben Behalter Informationen Regen GieBe	0
Prozedur Regen GieBe Informationen Stunden Wasser	0
Plastik Masse Masse Gewicht Prozedur Experiment	0
Masse Gruppe Aufgabe Ganze Materialien Beginn	0
Plastik Wiederhole Bestimme Wasser Daten Behalter	0
Wiederhole Unterschied Schtiler Masse Beginn	0
Marmor Experiment Plastik Informationen Trocknen	0
Materialien Minuten Marmor Entferne Stunden Daten	0
Gewicht Materialien Bestimme GieBe Holz Beginn	0
Bestimme Schtiler GieBe Lege Trocknen Regen Experiment	0
Beginn Entferne Aufgabe Materials Lege GieBe	0
Prozedur Informationen Plastik Prozedur Holz	0
Beginn Trocknen Schtiler Kalkstein Lege Wiederhole	0
Saurer Aufgabe Proben Saurer Experiment Gewicht	0
Regen Proben GieBe Behiltern Experiment Kalkstein	0
Gruppe Lege GieBe Proben Kalkstein Schtiler Aufgabe	0
Prozedur Prozedur Saurer Materials Trocknen Saurer	0
Experiment Ganze Materialien Trocknen GieBe Trocknen	0
Saurer Regen Informationen Schtiler Informationen	0
Schtiler Daten Behiltern Behiltern Experiment	0
Wasser Behalter Experiment Beginn Gewicht Wiederhole	0
Ende GieBe Experiment Wasser GieBe Bestimme Daten	0
Informationen Ganze Ende Ende Ende Materials	0
Wasser Ende Holz Entferne Wasser Wasser Tabelle	0
Minuten Prozedur Daten Tabelle Gewicht Daten	0
Masse Marmor Gewicht Materials Holz Holz Proben	0
Bestimme Minuten Prozedur Daten Tabelle Daten	0
Beginn Plastik Tabelle Behiltern Kalkstein Marmor	0
Materialien Beginn Proben Materialien Beginn	0
Masse Entferne Behiltern Bestimme Kalkstein Stunden	0
Marmor Stunden Daten Behalter Proben Unterschied	0
Trocknen Wasser Behiltern Entferne Regen Masse	0
Bestimme Tabelle Materials Regen Informationen	0
Prozedur Entferne Prozedur Behalter Bestimme	0
Gruppe Entferne Proben Kalkstein Materialien	0
Materials Holz Proben Minuten Proben Experiment	0
Bestimme Wiederhole Minuten Wasser Materials	0
Entferne Aufgabe Trocknen Holz Ganze Daten Behiltern	0
Holz Trocknen Schtiler Wiederhole GieBe Marmor	0
Trocknen Behalter Entferne Holz Entferne Tabelle	0
Materialien Behiltern Aufgabe Materialien Bestimme	0
Materialien Informationen Gewicht Daten Ende	0
Ganze Daten Saurer Aufgabe Plastik Prozedur GieBe	0
Entferne Ende Behiltern Gruppe Wasser Aufgabe	0
Entferne Proben Ganze Stunden Materials Trocknen	0
Bestimme Holz Bestimme Minuten Wasser Masse Lege	0
Wasser Ende Kalkstein Prozedur Experiment Kalkstein	0
Materialien Plastik Tabelle Beginn Lege Bestimme	0
Masse Stunden Minuten Lege Beginn Gewicht Plastik	0
Behiltern Gruppe Masse Prozedur Kalkstein Proben	0
Gruppe Proben Bestimme Saurer Proben Wasser Plastik	0
Wiederhole Stunden Saurer Regen Ganze Unterschied	0
Schtiler Plastik Unterschied Lege Bestimme Kalkstein	0
Gruppe Experiment Tabelle Kalkstein Kalkstein	0
GieBe Masse Wiederhole Experiment Marmor Entferne	0
Materials Unterschied Beginn Masse Minuten Prozedur	0
Trocknen Saurer Informationen Ende Experiment	0
Entferne Stunden Regen Wasser Entferne Entferne	0
GieBe Prozedur Bestimme Kalkstein Masse Materials	0
Informationen Unterschied Wasser Stunden Beginn	0
Saurer Behalter Marmor Behalter Ganze Stunden	0
Materialien Wasser Plastik Regen Saurer Gruppe	0
Entferne Prozedur Beginn Wasser Entferne Prozedur	0
Materialien Regen Daten Prozedur Beginn Prozedur	0
Masse Masse Saurer Ganze Masse Plastik Behiltern	0
Aufgabe Minuten Kalkstein Kalkstein Daten Tabelle	0
Marmor Schtiler Behalter Plastik Saurer Prozedur	0
Tabelle Daten Lege Aufgabe Wiederhole Holz Materialien	0
Ganze Saurer Beginn Marmor Daten Plastik Experiment	0
Trocknen Regen Behalter Holz Masse Kalkstein	0
Bestimme Gruppe Behalter Trocknen Materialien	0
Marmor Materialien Prozedur Entferne Daten GieBe	0
Stunden Daten Trocknen Beginn Unterschied Beginn	0
Lege Stunden GieBe GieBe Aufgabe Wasser Behiltern	0
Holz Schtiler Regen Aufgabe Masse Behalter GieBe	0
Bestimme Tabelle GieBe Aufgabe Bestimme Bestimme	0
Schtiler Entferne Behiltern Behiltern Lege Plastik	0
Aufgabe Regen Kalkstein Regen Schtiler GieBe	0
Kalkstein Wiederhole Unterschied Aufgabe Gruppe	0
Experiment Gruppe Gewicht Schtiler Unterschied	0
Gruppe Regen Experiment Stunden Minuten Gruppe	0
Ende Unterschied Experiment Behiltern Holz Entferne	0
Stunden Lege Minuten Schtiler Wasser Gruppe Aufgabe	0
Entferne Gewicht Behiltern Gruppe Beginn Wasser	0
Behiltern Saurer Prozedur Masse Marmor Stunden	0
Kalkstein Kalkstein Entferne Ende GieBe Plastik	0
Holz Gruppe Experiment Regen Gruppe Informationen	0
Kalkstein Experiment Beginn Gruppe Marmor Unterschied	0
Masse Aufgabe Entferne Plastik Unterschied GieBe	0
Minuten Stunden Gewicht Gewicht Tabelle Prozedur	0
Experiment Informationen Ganze Kalkstein Ganze	0
Trocknen Minuten Saurer Daten Proben Ganze Trocknen	0
Beginn Trocknen Proben Holz Wiederhole Proben	0
Experiment Informationen Ende Unterschied Informationen	0
Daten Materialien Stunden Schtiler Unterschied	0
Wasser Trocknen Prozedur Informationen Daten	0
Daten Ende Stunden Stunden Behiltern Plastik	0
Trocknen Bestimme Holz Marmor Proben Ende Saurer	0
Kalkstein Regen Informationen Unterschied Behiltern	0
Trocknen Lege GieBe Materials Lege Bestimme Plastik	0
Trocknen Plastik Prozedur Materials Behiltern	0
Minuten Bestimme Daten Kalkstein Minuten Behiltern	0
Gewicht GieBe Ende Stunden Materialien Aufgabe	0
Schtiler Trocknen Materialien Gruppe Experiment	0
Informationen Entferne Plastik Materials Entferne	0
Ganze Proben Marmor Tabelle Ende Gruppe Behiltern	0
Wasser Tabelle Aufgabe Gewicht Schtiler Entferne	0
Ganze Behiltern Gewicht Unterschied Behalter	0
Saurer Gewicht Materials Gewicht Entferne Experiment	0
Experiment Behiltern Beginn Saurer Stunden Tabelle	0
Masse Marmor Unterschied Bestimme Ende Saurer	0
Stunden Minuten Saurer Marmor Behiltern Prozedur	0
Behiltern Behiltern Unterschied Materials Stunden	0
Experiment Plastik Stunden Behiltern Prozedur	0
Schtiler Prozedur Minuten Experiment Masse Aufgabe	0
Gewicht Behalter Lege Kalkstein Trocknen Gruppe	0
Prozedur Unterschied Minuten Prozedur Saurer	0
Gruppe Proben Behalter GieBe Prozedur Holz Aufgabe	0
Experiment Aufgabe Ganze Kalkstein Experiment	0
Stunden Holz Tabelle Aufgabe Kalkstein Materialien	0
Informationen Stunden Schtiler Daten Stunden	0
Lege Proben Experiment Materials Wasser Aufgabe	0
Marmor Schtiler Plastik Aufgabe Daten Plastik	0
Plastik Experiment Lege Trocknen Behiltern Minuten	0
Beginn Entferne Bestimme Aufgabe Daten Gruppe	0
Informationen Tabelle Bestimme Masse Kalkstein	0
Beginn Materialien Unterschied Tabelle Ende Daten	0
Regen Aufgabe Entferne Regen Entferne Masse Gruppe	0
Holz Masse Ganze GieBe Entferne GieBe Plastik	0
Holz Unterschied Aufgabe Behalter Stunden Saurer	0
Marmor Ganze Beginn Gruppe Marmor Behiltern Ende	0
Aufgabe Kalkstein Holz Unterschied Materialien	0
Gewicht Gewicht Minuten Saurer Entferne Masse	0
Marmor Informationen Entferne Wasser Proben Holz	0
Schtiler Regen Experiment Stunden Behalter Regen	0
Minuten Behiltern Wasser Aufgabe Wasser Holz	0
Aufgabe Informationen Masse Materials Behalter	0
Daten Bestimme Unterschied Materialien Behalter	0
Wiederhole Masse Tabelle Lege Marmor Holz Unterschied	0
Unterschied Materialien Wasser Holz Informationen	0
Ende Behiltern Lege Marmor Gruppe Gruppe Marmor	0
Trocknen Aufgabe Masse Proben Behalter Materials	0
Gruppe Trocknen Entferne Marmor Gruppe Beginn	0
Behiltern Lege Regen Gewicht Gewicht Stunden	0
Masse Behiltern Schtiler Minuten Beginn Gewicht	0
Marmor Materials Gewicht Gewicht Daten Proben	0
Experiment Behalter Holz GieBe Wasser Schtiler	0
Masse Materials Behalter Materials GieBe Trocknen	0
Gruppe Kalkstein Gruppe Aufgabe Wiederhole Daten	0
Ganze Unterschied Marmor Entferne Prozedur Experiment	0
Trocknen Entferne Schtiler Stunden Wasser Stunden	0
Marmor Regen Ende Daten Beginn Plastik Unterschied	0
Materials Proben Behiltern Minuten GieBe Tabelle	0
Saurer Gruppe Ganze Unterschied Informationen	0
Bestimme Beginn Holz Stunden Stunden Kalkstein	0
Experiment Ganze Wasser Tabelle Materialien Aufgabe	0
Stunden Wasser Stunden Materials Materialien	0
Daten Marmor Tabelle Aufgabe Stunden Ende Wasser	0
Informationen Informationen Behiltern Marmor	0
GieBe GieBe Prozedur Prozedur Marmor Experiment	0
Gruppe Saurer Trocknen Holz Behalter Daten GieBe	0
Beginn Beginn Bestimme Masse Plastik GieBe Materials	0
Unterschied Aufgabe Proben Entferne Informationen	0
Marmor Kalkstein Lege Behiltern Minuten Informationen	0
Holz Trocknen Masse Wasser Entferne Materialien	0
Behalter Stunden Stunden Stunden Daten Kalkstein	0
Proben Plastik Informationen Ganze Daten Gruppe	0
Masse Aufgabe Tabelle Plastik Beginn Tabelle	0
Prozedur Ganze Informationen Entferne Prozedur	0
Materialien Proben Behiltern Behiltern Stunden	0
Schtiler Regen Schtiler Regen Wasser Masse Trocknen	0
Saurer Trocknen Informationen Beginn Kalkstein	0
Informationen Daten Stunden Unterschied Ende	0
Proben Behiltern Behalter Stunden Trocknen Minuten	0
Marmor Unterschied Stunden Daten Materials Gruppe	0
Holz Schtiler Aufgabe Regen Stunden Entferne	0
Beginn Schtiler Lege Trocknen Gewicht Minuten	0
Minuten Beginn Trocknen Ende Minuten Saurer Proben	0
Materialien Saurer Experiment Trocknen Holz Gewicht	0
Materials Stunden Prozedur Experiment Gewicht	0
Materials Gewicht Behalter Proben Trocknen GieBe	0
Materialien Prozedur Tabelle Proben Behiltern	0
Experiment Kalkstein Daten Behalter Materialien	0
Wiederhole Schtiler Wiederhole Materialien Kalkstein	0
Beginn Gruppe Materials Wasser Behiltern Prozedur	0
Ende Holz Kalkstein GieBe Lege Bestimme Ende	0
Bestimme Behalter Prozedur Wasser Trocknen Bestimme	0
Kalkstein Proben Beginn Schtiler Gewicht Informationen	0
Plastik Gewicht Holz Tabelle Ende Stunden Proben	0
Informationen Wiederhole Proben Stunden Trocknen	0
Kalkstein Tabelle Gruppe Informationen Regen	0
Informationen Proben Ende GieBe Beginn Informationen	0
Masse Behiltern Daten Lege Gewicht Tabelle Masse	0
Entferne Daten Behiltern Proben Trocknen Informationen	0
Marmor Regen Masse Holz Regen Saurer Beginn Bestimme	0
Prozedur Materialien Marmor Masse Gewicht Lege	0
Wiederhole Plastik Entferne Experiment Regen	0
Gewicht Lege Daten Materialien Regen Behalter	0
Saurer Prozedur Gruppe Materials Informationen	0
Masse Daten Ganze Ganze Wasser Tabelle Saurer	0
Ende Ende Holz Experiment Materialien Experiment	0
Saurer Prozedur Daten Marmor Gruppe Regen Prozedur	0
Ganze Experiment Beginn GieBe Behalter Daten	0
Trocknen Aufgabe Masse Trocknen Experiment Materialien	0
Saurer Tabelle Stunden Stunden Schtiler Beginn	0
Behiltern Aufgabe Gewicht Plastik Wasser Aufgabe	0
Bestimme Stunden Daten Trocknen Behiltern Plastik	0
Daten Unterschied Ende Unterschied Tabelle Ende	0
Informationen Kalkstein Aufgabe Lege Prozedur	0
Marmor Saurer Tabelle Saurer Materials Daten	0
Informationen Masse Behalter Experiment Behiltern	0
Ende Regen Schtiler Beginn Behalter Saurer Saurer	0
Lege Kalkstein Stunden Wiederhole Prozedur Daten	0
Stunden Wasser Plastik Unterschied Holz GieBe	0
Tabelle Minuten Kalkstein Materialien Plastik	0
Informationen Experiment Materials Kalkstein	0
Experiment Tabelle Prozedur Daten Holz Ganze	0
Gruppe Minuten Kalkstein Regen Lege Saurer Ganze	0
Experiment Schtiler Kalkstein Gewicht Stunden	0
Plastik Proben Trocknen Schtiler GieBe Saurer	0
Materials Experiment Behiltern Regen Daten Masse	0
Masse Kalkstein Beginn Beginn Lege Ganze Wasser	0
Gruppe Regen Experiment Minuten Daten Behalter	0
Schtiler Stunden Beginn Beginn Informationen	0
Behiltern Holz Aufgabe Gewicht Materialien Materialien	0
Regen Gewicht Proben Behiltern Wasser Materials	0
Materialien Entferne Proben Ganze Kalkstein Schtiler	0
Masse Plastik Beginn Prozedur Experiment Stunden	0
Proben Experiment Saurer Saurer Regen Materials	0
Gruppe Lege Tabelle Behiltern Minuten Informationen	0
Plastik Proben Ganze Materialien Wasser Saurer	0
Masse Ganze Wasser Behiltern Experiment Materials	0
Marmor Wasser Tabelle Materialien Regen Masse	0
Schtiler Bestimme Ganze Daten Wiederhole Aufgabe	0
Minuten Informationen Beginn Kalkstein Regen	0
Regen Proben Gewicht Proben Unterschied GieBe	0
Bestimme Regen Saurer Tabelle Lege Holz Holz	0
GieBe Trocknen Unterschied Experiment Masse Aufgabe	0
Marmor Aufgabe Marmor Wiederhole Gruppe Daten	0
Behalter Kalkstein Bestimme Gewicht Schtiler	0
Experiment Wasser Tabelle Materialien Regen Materialien	0
Informationen Schtiler Daten Bestimme Informationen	0
Masse Behiltern Gewicht Tabelle Lege Aufgabe	0
Masse Marmor Aufgabe Ganze Prozedur Masse Beginn	0
Gruppe Behiltern Lege Ganze Stunden Bestimme	0
Daten Kalkstein Ganze Materialien Prozedur Prozedur	0
Ganze GieBe Ganze Aufgabe Plastik Aufgabe Wiederhole	0
Schtiler Prozedur Trocknen Stunden Ganze Beginn	0
Experiment Unterschied Ende GieBe Saurer Ganze	0
Bestimme Ganze Wiederhole Informationen Aufgabe	0
Lege Materialien Unterschied Saurer Prozedur	0
Behalter Bestimme Aufgabe Proben Ende Saurer	0
Masse Materialien Trocknen Behiltern Masse Informationen	0
Plastik Behalter Wasser Marmor Ende Gruppe Aufgabe	0
Masse Trocknen Ende Proben Beginn Gewicht GieBe	0
Masse Entferne Trocknen Ganze Wiederhole Ende	0
Gewicht Gruppe Unterschied Ende Behalter Regen	0
Minuten Schtiler Stunden Entferne Daten Saurer	0
Prozedur Entferne Wasser Aufgabe Informationen	0
Masse Wiederhole Minuten Prozedur Daten Daten	0
Daten Lege Kalkstein Ende Bestimme Wasser Trocknen	0
Gewicht Informationen Lege Wiederhole Materials	0
Beginn Minuten Materials Marmor Holz Saurer Masse	0
Entferne Materials Entferne Schtiler Materialien	0
Materialien Trocknen Informationen Minuten Kalkstein	0
Minuten Informationen Masse Schtiler Bestimme	0
Wasser Marmor Materials GieBe Experiment GieBe	0
Regen Informationen Holz Minuten Lege Entferne	0
Masse Ende Unterschied Masse Minuten Bestimme	0
Stunden Lege Behalter Daten Bestimme Gruppe Gruppe	0
Prozedur Trocknen Regen Marmor Masse GieBe Materialien	0
Masse Minuten Behalter Behalter Ende Daten Trocknen	0
Beginn Regen Holz Wiederhole Tabelle Lege Schtiler	0
Experiment Gruppe Informationen Masse Proben	0
Masse Daten Ganze Kalkstein Informationen Informationen	0
Materials Behiltern Saurer Ende GieBe Behalter	0
Gruppe Schtiler Kalkstein Behiltern Lege Ganze	0
Marmor Wasser Materialien Beginn Trocknen Materialien	0
Daten Prozedur Informationen Kalkstein Marmor	0
Unterschied Regen Unterschied Saurer Unterschied	0
Stunden Schtiler Gruppe Wasser Stunden Ende Gewicht	0
Behiltern Marmor Lege Aufgabe Minuten Unterschied	0
