A donnÃ©es longueur Ã©chantillon Questions longueur	0
validitÃ© enquÃªte type T1 conception bord poids	0
Ã©chantillon validitÃ© 2B poids EXERCICE conception	0
conclusion types b. bord Ã©chantillon bord mm	0
g enquÃªte rÃ©sultats donnÃ©es pince poids lâ bord	0
A faÃ§ons table donnÃ©es faÃ§ons b. donnÃ©es donnÃ©es	0
Type Ã©chantillon minutes pince rÃ©sultats faÃ§ons	0
essai minutes rÃ©sultats lâ Ã©chantillon conception	0
Table table poids longueur pince Table conception	0
Questions essai essai bord b. bord plastiques	0
rÃ©sultats poids b. plastique donnÃ©es T2 cÃ´tÃ©	0
- essai cÃ´tÃ© type validitÃ© donnÃ©es types type	0
fonction lâ table procÃ©dure ProcÃ©dure essai T1	0
validitÃ© validitÃ© type rÃ©sultats longueur types	0
cÃ´tÃ© Type mm Table Type essai b. pince Type Type	0
mm bord Ã©chantillons 2B Table procÃ©dure longueur	0
conception conclusion minutes ProcÃ©dure conception	0
g fonction table faÃ§ons mm donnÃ©es type conception	0
bord essai b. conception b. plastiques table	0
2B validitÃ© ProcÃ©dure T1 procÃ©dure Table b. plastique	0
D minutes conception enquÃªte enquÃªte pince plastique	0
conception T1 ProcÃ©dure type validitÃ© EXERCICE	0
donnÃ©es poids Ã©chantillons bord conclusion validitÃ©	0
T2 lâ types essai types conclusion EXERCICE mm	0
2B 2B Questions Table EXERCICE 2B procÃ©dure validitÃ©	0
conception poids b. Table T2 conception enquÃªte	0
Type Questions enquÃªte T2 EXERCICE Table rÃ©sultats	0
table T2 type procÃ©dure Ã©chantillon conclusion	0
Questions mm pince Ã©chantillon fonction types	0
essai Ã©chantillons plastique lâ procÃ©dure conception	0
plastiques essai lâ poids Table plastique minutes	0
g EXERCICE T1 Table longueur T1 essai 2B ProcÃ©dure	0
Type faÃ§ons Type conception fonction T1 cÃ´tÃ©	0
enquÃªte Type faÃ§ons fonction bord 2B plastiques	0
Type longueur types fonction T2 plastique lâ	0
plastiques plastiques poids bord bord essai pince	0
poids donnÃ©es lâ b. T2 faÃ§ons plastique Questions	0
lâ donnÃ©es faÃ§ons T2 pince cÃ´tÃ© b. fonction types	0
lâ 2B Ã©chantillons procÃ©dure ProcÃ©dure essai	0
T1 bord type poids Type bord lâ T2 donnÃ©es pince	0
essai 2B 2B Ã©chantillon conclusion minutes faÃ§ons	0
2B minutes type longueur faÃ§ons lâ essai poids	0
type mm EXERCICE type Ã©chantillon 2B EXERCICE	0
b. mm cÃ´tÃ© rÃ©sultats essai procÃ©dure cÃ´tÃ© conception	0
rÃ©sultats EXERCICE plastique conclusion plastiques	0
lâ Table rÃ©sultats EXERCICE T2 b. donnÃ©es b.	0
procÃ©dure Type Questions T1 conception validitÃ©	0
EXERCICE essai Ã©chantillon cÃ´tÃ© Questions EXERCICE	0
faÃ§ons table mm lâ pince conception Table type	0
ProcÃ©dure Type lâ table bord EXERCICE mm pince	0
2B Ã©chantillons validitÃ© plastiques minutes essai	0
poids conclusion type faÃ§ons T1 faÃ§ons T2 2B	0
pince fonction donnÃ©es minutes Table bord Questions	0
longueur longueur fonction rÃ©sultats T1 essai	0
conception T1 mm mm plastique Ã©chantillons longueur	0
b. plastique plastiques essai Questions T2 plastiques	0
EXERCICE type minutes bord bord donnÃ©es types	0
conclusion type fonction lâ Table donnÃ©es mm	0
Ã©chantillon Table plastique mm Table rÃ©sultats	0
conception mm Questions Ã©chantillon Questions	0
b. Ã©chantillons types essai faÃ§ons mm ProcÃ©dure	0
Table cÃ´tÃ© 2B longueur longueur plastique Ã©chantillons	0
- plastiques conception Questions Ã©chantillons	0
conclusion T1 Type lâ Questions Type Ã©chantillons	0
cÃ´tÃ© plastique mm cÃ´tÃ© Table pince rÃ©sultats	0
fonction rÃ©sultats fonction cÃ´tÃ© types types	0
lâ mm validitÃ© type faÃ§ons conception Ã©chantillon	0
conclusion plastique bord type bord T2 donnÃ©es	0
bord validitÃ© faÃ§ons plastiques minutes Table	0
2B fonction longueur pince 2B Type type T2 Ã©chantillons	0
Table cÃ´tÃ© cÃ´tÃ© Ã©chantillon cÃ´tÃ© donnÃ©es lâ cÃ´tÃ©	0
plastiques EXERCICE Table conception conception	0
longueur T1 table minutes ProcÃ©dure plastique	0
A Type poids Table types Type table procÃ©dure	0
mm 2B Questions faÃ§ons Table plastiques Ã©chantillons	0
Ã©chantillon Questions 2B enquÃªte table EXERCICE	0
conception conclusion T1 Questions T1 Ã©chantillon	0
D Table validitÃ© Ã©chantillons conception donnÃ©es	0
bord Table validitÃ© type EXERCICE pince minutes	0
conclusion lâ Ã©chantillons plastiques mm conclusion	0
ProcÃ©dure b. Type T2 Table faÃ§ons validitÃ© donnÃ©es	0
fonction Questions Ã©chantillons minutes bord	0
table 2B table plastiques mm minutes poids mm	0
procÃ©dure T2 pince cÃ´tÃ© donnÃ©es essai table type	0
T2 Questions types pince enquÃªte fonction donnÃ©es	0
- Ã©chantillon T2 table 2B rÃ©sultats type cÃ´tÃ©	0
plastiques 2B type minutes plastiques Questions	0
longueur Type Table lâ bord minutes conclusion	0
lâ donnÃ©es minutes essai T1 enquÃªte validitÃ©	0
lâ b. longueur faÃ§ons validitÃ© lâ b. longueur	0
- T1 essai mm procÃ©dure minutes faÃ§ons enquÃªte	0
g minutes Table faÃ§ons Table rÃ©sultats Ã©chantillons	0
EXERCICE Ã©chantillons Ã©chantillon plastique T1	0
conception minutes Ã©chantillon conclusion mm	0
bord ProcÃ©dure T1 longueur 2B mm donnÃ©es type	0
T2 plastiques lâ types Type bord plastiques ProcÃ©dure	0
minutes pince minutes enquÃªte faÃ§ons longueur	0
bord donnÃ©es minutes pince lâ validitÃ© bord validitÃ©	0
T2 poids pince poids pince essai donnÃ©es types	0
poids bord pince cÃ´tÃ© T2 Ã©chantillon essai cÃ´tÃ©	0
Questions enquÃªte rÃ©sultats conception table	0
g Table Type poids type rÃ©sultats lâ Questions	0
enquÃªte pince T1 Questions cÃ´tÃ© conclusion Questions	0
bord table types Type poids b. lâ types type	0
conclusion plastiques Table procÃ©dure enquÃªte	0
plastiques rÃ©sultats enquÃªte T1 Questions pince	0
conclusion donnÃ©es Table enquÃªte longueur T1	0
A EXERCICE EXERCICE minutes cÃ´tÃ© ProcÃ©dure type	0
conception Ã©chantillons mm Table enquÃªte longueur	0
longueur types rÃ©sultats table mm Table essai	0
lâ 2B procÃ©dure Ã©chantillons faÃ§ons 2B lâ minutes	0
Table poids lâ pince fonction validitÃ© conclusion	0
enquÃªte fonction Questions T1 enquÃªte Questions	0
bord enquÃªte validitÃ© ProcÃ©dure validitÃ© table	0
bord ProcÃ©dure lâ longueur Ã©chantillons Questions	0
type type Ã©chantillons Ã©chantillon mm longueur	0
lâ type pince types fonction T2 T2 Ã©chantillon	0
EXERCICE T1 T1 ProcÃ©dure rÃ©sultats T1 enquÃªte	0
EXERCICE donnÃ©es 2B lâ conclusion lâ plastique	0
- types T2 rÃ©sultats table Ã©chantillons ProcÃ©dure	0
types procÃ©dure enquÃªte faÃ§ons cÃ´tÃ© table EXERCICE	0
donnÃ©es essai EXERCICE Questions Questions plastiques	0
D b. Ã©chantillon donnÃ©es validitÃ© Type essai	0
poids faÃ§ons conclusion table pince T1 mm procÃ©dure	0
conception enquÃªte rÃ©sultats enquÃªte cÃ´tÃ© conclusion	0
plastiques 2B Table poids donnÃ©es lâ procÃ©dure	0
longueur b. bord bord Type bord types T1 EXERCICE	0
T1 Table b. 2B EXERCICE poids Ã©chantillons validitÃ©	0
enquÃªte enquÃªte b. T1 type ProcÃ©dure b. pince	0
faÃ§ons Ã©chantillon 2B types types conception	0
T2 essai mm EXERCICE Ã©chantillons Questions type	0
- procÃ©dure ProcÃ©dure donnÃ©es T1 Ã©chantillon	0
table plastique EXERCICE types T2 validitÃ© procÃ©dure	0
Type donnÃ©es longueur T2 plastique fonction rÃ©sultats	0
D donnÃ©es essai validitÃ© b. T1 conclusion type	0
donnÃ©es plastique type Table 2B plastique 2B	0
mm faÃ§ons pince rÃ©sultats fonction Questions	0
donnÃ©es enquÃªte Questions enquÃªte longueur plastique	0
bord donnÃ©es validitÃ© rÃ©sultats plastiques 2B	0
plastiques essai T1 b. T2 b. T2 EXERCICE Questions	0
lâ fonction procÃ©dure fonction b. validitÃ© cÃ´tÃ©	0
Table procÃ©dure minutes mm lâ 2B T1 T2 mm plastique	0
faÃ§ons mm Table lâ conclusion procÃ©dure rÃ©sultats	0
- longueur table poids Questions Ã©chantillons	0
poids Ã©chantillon conception conception Table	0
Type poids EXERCICE essai minutes mm 2B bord	0
validitÃ© conception donnÃ©es poids poids plastiques	0
T2 bord plastiques validitÃ© Ã©chantillons conception	0
EXERCICE validitÃ© validitÃ© T2 type table T1 pince	0
EXERCICE fonction faÃ§ons faÃ§ons ProcÃ©dure lâ	0
essai minutes fonction Ã©chantillon mm b. type	0
fonction mm rÃ©sultats conception type plastique	0
types type table mm fonction b. Questions validitÃ©	0
procÃ©dure type Type donnÃ©es Type types donnÃ©es	0
type rÃ©sultats donnÃ©es Questions bord faÃ§ons	0
mm conception Ã©chantillon poids Ã©chantillon conception	0
plastique type b. Ã©chantillon Questions Type	0
conception types essai EXERCICE plastiques conception	0
pince conception bord minutes mm lâ cÃ´tÃ© Ã©chantillons	0
Ã©chantillons donnÃ©es validitÃ© enquÃªte pince table	0
g Questions Ã©chantillons T1 poids bord enquÃªte	0
conclusion Questions 2B enquÃªte faÃ§ons EXERCICE	0
b. Ã©chantillon Ã©chantillons lâ faÃ§ons lâ Ã©chantillons	0
Questions bord donnÃ©es bord longueur Table pince	0
conception ProcÃ©dure types poids faÃ§ons enquÃªte	0
T2 procÃ©dure enquÃªte Table Ã©chantillons b. Table	0
pince longueur EXERCICE fonction Questions conclusion	0
Ã©chantillon procÃ©dure enquÃªte bord bord cÃ´tÃ©	0
cÃ´tÃ© pince validitÃ© minutes essai Ã©chantillon	0
cÃ´tÃ© faÃ§ons b. enquÃªte Ã©chantillon types faÃ§ons	0
minutes conception T1 validitÃ© T1 donnÃ©es bord	0
Table longueur conclusion rÃ©sultats conception	0
T2 donnÃ©es type mm table lâ types plastiques	0
D validitÃ© T2 procÃ©dure procÃ©dure Questions T2	0
plastique donnÃ©es b. T1 table procÃ©dure EXERCICE	0
Ã©chantillons validitÃ© enquÃªte type Type T1 fonction	0
Type Ã©chantillons conception mm Type enquÃªte	0
donnÃ©es Ã©chantillon 2B bord T1 enquÃªte poids	0
conception poids b. poids enquÃªte rÃ©sultats enquÃªte	0
ProcÃ©dure longueur longueur longueur mm T1 rÃ©sultats	0
minutes cÃ´tÃ© procÃ©dure procÃ©dure minutes bord	0
pince validitÃ© pince Table 2B pince plastique	0
Ã©chantillon minutes lâ Ã©chantillons faÃ§ons T2	0
rÃ©sultats ProcÃ©dure 2B enquÃªte validitÃ© pince	0
minutes faÃ§ons cÃ´tÃ© validitÃ© minutes rÃ©sultats	0
Table plastiques pince rÃ©sultats Questions validitÃ©	0
lâ Questions longueur lâ bord faÃ§ons b. fonction	0
Type bord conception minutes rÃ©sultats Type poids	0
types minutes b. faÃ§ons type Table validitÃ© poids	0
bord Ã©chantillon mm EXERCICE mm enquÃªte faÃ§ons	0
- pince validitÃ© 2B donnÃ©es minutes type bord	0
longueur Ã©chantillon plastique enquÃªte b. Ã©chantillon	0
mm procÃ©dure pince Ã©chantillon EXERCICE cÃ´tÃ©	0
mm essai cÃ´tÃ© Questions cÃ´tÃ© Type Ã©chantillon	0
conclusion Table Ã©chantillon T1 fonction donnÃ©es	0
plastiques minutes EXERCICE Table EXERCICE Ã©chantillons	0
Questions procÃ©dure plastiques pince Table minutes	0
conclusion b. poids bord b. cÃ´tÃ© ProcÃ©dure lâ	0
Ã©chantillons Questions Table type donnÃ©es Ã©chantillon	0
poids conclusion enquÃªte enquÃªte Ã©chantillons	0
Table validitÃ© validitÃ© ProcÃ©dure procÃ©dure donnÃ©es	0
Type faÃ§ons bord table EXERCICE 2B longueur donnÃ©es	0
Ã©chantillons conception b. T2 poids Table type	0
conclusion conclusion Table conclusion ProcÃ©dure	0
Type cÃ´tÃ© pince mm EXERCICE pince Questions lâ	0
lâ conclusion faÃ§ons conclusion 2B conception	0
bord essai validitÃ© b. validitÃ© rÃ©sultats cÃ´tÃ©	0
T1 minutes fonction fonction cÃ´tÃ© plastique ProcÃ©dure	0
lâ mm fonction cÃ´tÃ© Ã©chantillons conception rÃ©sultats	0
mm pince faÃ§ons b. essai minutes conclusion lâ	0
validitÃ© Ã©chantillon Table T2 Type types Ã©chantillons	0
essai bord bord validitÃ© essai bord Ã©chantillon	0
validitÃ© b. T2 2B Type type essai Ã©chantillons	0
faÃ§ons longueur pince Type validitÃ© types plastique	0
bord Type conception mm Table EXERCICE cÃ´tÃ© minutes	0
Type conception longueur b. pince type rÃ©sultats	0
faÃ§ons plastiques donnÃ©es 2B plastiques bord	0
donnÃ©es faÃ§ons poids fonction Table EXERCICE	0
A Ã©chantillon minutes T2 table types conception	0
plastiques enquÃªte ProcÃ©dure enquÃªte enquÃªte	0
b. conclusion validitÃ© Ã©chantillons type mm plastique	0
D Ã©chantillons 2B plastique lâ donnÃ©es pince	0
minutes plastiques validitÃ© plastiques plastique	0
- Ã©chantillons minutes fonction lâ T2 Ã©chantillons	0
Table conception Ã©chantillon essai validitÃ© essai	0
rÃ©sultats mm validitÃ© minutes Table longueur	0
g conception plastiques mm faÃ§ons T2 enquÃªte	0
T1 poids enquÃªte donnÃ©es bord validitÃ© poids	0
enquÃªte T1 Table Table enquÃªte cÃ´tÃ© mm minutes	0
cÃ´tÃ© type T1 table Table plastique poids plastiques	0
plastique pince poids lâ enquÃªte Ã©chantillons	0
D validitÃ© minutes cÃ´tÃ© longueur T2 Ã©chantillons	0
plastique pince conclusion procÃ©dure rÃ©sultats	0
longueur table plastiques validitÃ© T1 plastiques	0
rÃ©sultats essai b. validitÃ© plastiques Ã©chantillons	0
lâ conception conclusion faÃ§ons enquÃªte essai	0
g rÃ©sultats Type minutes conception 2B Questions	0
procÃ©dure b. conclusion ProcÃ©dure T1 Ã©chantillons	0
essai Ã©chantillon T2 rÃ©sultats minutes faÃ§ons	0
table mm donnÃ©es plastiques plastique longueur	0
donnÃ©es T1 table validitÃ© poids validitÃ© donnÃ©es	0
bord pince plastique bord plastiques procÃ©dure	0
b. plastique enquÃªte poids minutes rÃ©sultats	0
bord plastiques Questions Table type ProcÃ©dure	0
mm table 2B validitÃ© enquÃªte validitÃ© type poids	0
T2 lâ b. conclusion Questions cÃ´tÃ© lâ plastiques	0
procÃ©dure minutes fonction EXERCICE faÃ§ons Ã©chantillons	0
rÃ©sultats T2 essai validitÃ© donnÃ©es bord table	0
b. Table table pince b. validitÃ© minutes fonction	0
fonction bord enquÃªte 2B donnÃ©es faÃ§ons procÃ©dure	0
longueur Table essai essai EXERCICE lâ conception	0
conclusion conception 2B procÃ©dure plastiques	0
Ã©chantillons rÃ©sultats b. mm Questions donnÃ©es	0
2B Ã©chantillon longueur fonction Ã©chantillons	0
- minutes EXERCICE EXERCICE essai T2 lâ fonction	0
- Questions bord Type type enquÃªte table T1 Type	0
procÃ©dure longueur Type donnÃ©es longueur T1 fonction	0
conclusion Type fonction poids procÃ©dure mm conclusion	0
essai cÃ´tÃ© Questions validitÃ© conclusion procÃ©dure	0
2B 2B 2B longueur plastiques Questions faÃ§ons	0
fonction Ã©chantillons fonction types poids T2	0
essai plastique Ã©chantillons pince T1 table fonction	0
cÃ´tÃ© plastiques mm Ã©chantillons T2 mm procÃ©dure	0
donnÃ©es procÃ©dure mm conclusion longueur ProcÃ©dure	0
ProcÃ©dure bord Questions types plastiques procÃ©dure	0
cÃ´tÃ© enquÃªte Type essai fonction types minutes	0
Questions cÃ´tÃ© plastiques table poids conclusion	0
Type donnÃ©es pince poids conclusion faÃ§ons type	0
ProcÃ©dure conclusion b. validitÃ© conception essai	0
Ã©chantillon essai plastique type enquÃªte Questions	0
type minutes essai mm enquÃªte T2 b. 2B conception	0
- fonction conception 2B enquÃªte T2 Ã©chantillons	0
bord fonction minutes pince Questions minutes	0
plastiques Ã©chantillon mm faÃ§ons T1 Questions	0
faÃ§ons lâ fonction rÃ©sultats conclusion procÃ©dure	0
faÃ§ons enquÃªte plastique T2 fonction conception	0
Ã©chantillon procÃ©dure fonction cÃ´tÃ© rÃ©sultats	0
conception T2 rÃ©sultats rÃ©sultats ProcÃ©dure Type	0
Ã©chantillon longueur ProcÃ©dure enquÃªte poids	0
T2 essai faÃ§ons essai plastique longueur b. cÃ´tÃ©	0
T2 mm plastiques lâ pince rÃ©sultats faÃ§ons Table	0
validitÃ© poids rÃ©sultats poids longueur pince	0
g validitÃ© table faÃ§ons enquÃªte validitÃ© T2 faÃ§ons	0
types poids Ã©chantillon cÃ´tÃ© rÃ©sultats cÃ´tÃ© validitÃ©	0
T2 types cÃ´tÃ© enquÃªte Questions pince poids minutes	0
rÃ©sultats pince minutes EXERCICE Questions mm	0
minutes donnÃ©es pince Ã©chantillon longueur enquÃªte	0
longueur T2 validitÃ© cÃ´tÃ© rÃ©sultats cÃ´tÃ© ProcÃ©dure	0
D type ProcÃ©dure conception type T2 validitÃ©	0
validitÃ© types Ã©chantillons conception Ã©chantillon	0
g poids T2 Questions minutes poids Type plastique	0
D longueur mm T2 procÃ©dure mm table poids Type	0
Questions table 2B longueur Questions types procÃ©dure	0
A ProcÃ©dure 2B types EXERCICE Ã©chantillons longueur	0
essai poids b. Ã©chantillon type mm pince fonction	0
mm 2B plastique ProcÃ©dure conception plastique	0
lâ rÃ©sultats plastique longueur b. longueur procÃ©dure	0
faÃ§ons pince pince EXERCICE donnÃ©es 2B conception	0
longueur minutes donnÃ©es fonction T2 b. rÃ©sultats	0
- Questions cÃ´tÃ© lâ T2 mm procÃ©dure type pince	0
minutes validitÃ© conception T2 procÃ©dure faÃ§ons	0
procÃ©dure rÃ©sultats b. EXERCICE plastique b.	0
Questions Ã©chantillons Ã©chantillon plastique	0
procÃ©dure lâ minutes essai poids lâ procÃ©dure	0
types enquÃªte Table plastique T1 poids mm 2B	0
table bord minutes table conclusion poids poids	0
lâ cÃ´tÃ© plastiques table Type minutes donnÃ©es	0
Type essai types plastiques fonction rÃ©sultats	0
- Table table Ã©chantillon minutes EXERCICE essai	0
g rÃ©sultats conception enquÃªte procÃ©dure enquÃªte	0
lâ essai essai bord plastique faÃ§ons faÃ§ons validitÃ©	0
EXERCICE b. conception rÃ©sultats poids Type faÃ§ons	0
procÃ©dure bord faÃ§ons conception longueur b.	0
ProcÃ©dure minutes rÃ©sultats b. conception EXERCICE	0
T1 Type T2 mm procÃ©dure pince minutes bord mm	0
conception cÃ´tÃ© conclusion ProcÃ©dure longueur	0
g type bord b. table conclusion Ã©chantillons	0
conception enquÃªte plastiques procÃ©dure donnÃ©es	0
lâ T2 T1 Table Ã©chantillons Ã©chantillons Questions	0
conception mm Ã©chantillons minutes table rÃ©sultats	0
- cÃ´tÃ© lâ types conception conception Table T1	0
Table table plastique bord fonction type mm ProcÃ©dure	0
EXERCICE mm Table minutes essai procÃ©dure lâ	0
2B poids plastique types plastique mm rÃ©sultats	0
poids 2B table rÃ©sultats table enquÃªte rÃ©sultats	0
b. longueur ProcÃ©dure EXERCICE minutes faÃ§ons	0
plastique Ã©chantillons lâ conclusion Table faÃ§ons	0
b. T1 pince cÃ´tÃ© fonction donnÃ©es plastique minutes	0
T2 T1 plastiques Ã©chantillons b. plastique ProcÃ©dure	0
table longueur conception fonction essai 2B mm	0
EXERCICE b. essai validitÃ© plastique longueur	0
longueur plastique conception 2B ProcÃ©dure type	0
essai rÃ©sultats faÃ§ons Table b. T1 faÃ§ons longueur	0
procÃ©dure 2B rÃ©sultats 2B donnÃ©es plastique conception	0
cÃ´tÃ© types conception fonction minutes enquÃªte	0
plastiques conception Ã©chantillon rÃ©sultats Table	0
Ã©chantillons enquÃªte bord cÃ´tÃ© procÃ©dure essai	0
bord ProcÃ©dure T2 T1 2B types mm pince procÃ©dure	0
table mm validitÃ© Ã©chantillon plastique enquÃªte	0
longueur mm lâ plastiques types cÃ´tÃ© Ã©chantillon	0
Questions b. longueur validitÃ© b. conception	0
lâ b. T2 fonction essai plastique longueur minutes	0
validitÃ© essai pince conception fonction Type	0
rÃ©sultats donnÃ©es validitÃ© poids Ã©chantillon	0
essai b. EXERCICE EXERCICE table table faÃ§ons	0
bord cÃ´tÃ© table conception types bord rÃ©sultats	0
bord faÃ§ons mm Type poids fonction mm plastiques	0
Table bord fonction procÃ©dure type procÃ©dure	0
Ã©chantillons minutes mm Ã©chantillons conception	0
- conception conclusion 2B cÃ´tÃ© b. fonction plastique	0
g Ã©chantillons essai type type lâ lâ poids Ã©chantillon	0
Ã©chantillon procÃ©dure plastique types plastique	0
validitÃ© table conception essai rÃ©sultats mm	0
table poids poids Table faÃ§ons Ã©chantillon T2	0
minutes b. donnÃ©es T1 conclusion plastique rÃ©sultats	0
b. Ã©chantillons Ã©chantillons fonction fonction	0
rÃ©sultats lâ Table b. T2 minutes table pince	0
plastique enquÃªte validitÃ© faÃ§ons plastiques	0
procÃ©dure lâ fonction EXERCICE T1 donnÃ©es donnÃ©es	0
plastique ProcÃ©dure essai pince table Questions	0
mm minutes plastiques b. rÃ©sultats table poids	0
ProcÃ©dure type types T2 Ã©chantillon cÃ´tÃ© conclusion	0
plastiques ProcÃ©dure rÃ©sultats conception type	0
2B Ã©chantillons Table pince conception validitÃ©	0
EXERCICE table EXERCICE pince 2B mm lâ essai	0
conception Ã©chantillons type conception lâ longueur	0
conception longueur lâ fonction T1 longueur plastique	0
conclusion donnÃ©es faÃ§ons enquÃªte fonction rÃ©sultats	0
plastiques ProcÃ©dure Ã©chantillons faÃ§ons Questions	0
donnÃ©es lâ cÃ´tÃ© longueur Questions Ã©chantillons	0
type Table bord fonction bord Ã©chantillon conclusion	0
bord EXERCICE 2B validitÃ© conception validitÃ©	0
poids cÃ´tÃ© essai type faÃ§ons donnÃ©es Type type	0
mm bord poids conception bord faÃ§ons lâ cÃ´tÃ©	0
fonction poids poids plastique Questions fonction	0
lâ procÃ©dure pince plastique conclusion pince	0
essai 2B conclusion donnÃ©es Type minutes plastiques	0
conclusion validitÃ© 2B cÃ´tÃ© minutes essai conception	0
Ã©chantillon T2 poids rÃ©sultats validitÃ© Table	0
table Ã©chantillon pince donnÃ©es fonction mm b.	0
T2 faÃ§ons enquÃªte procÃ©dure bord plastiques procÃ©dure	0
b. poids types conception EXERCICE procÃ©dure	0
type 2B conception longueur conclusion poids	0
T1 donnÃ©es ProcÃ©dure procÃ©dure longueur procÃ©dure	0
A Ã©chantillon poids types mm Ã©chantillons essai	0
procÃ©dure longueur type minutes longueur b. bord	0
cÃ´tÃ© essai bord plastique table ProcÃ©dure T2	0
2B 2B donnÃ©es Questions cÃ´tÃ© mm Ã©chantillons	0
rÃ©sultats bord plastiques essai Type pince longueur	0
procÃ©dure T2 ProcÃ©dure b. Ã©chantillon enquÃªte	0
Table type donnÃ©es Ã©chantillons faÃ§ons essai	0
Ã©chantillons conclusion enquÃªte conclusion minutes	0
conclusion types types lâ mm rÃ©sultats ProcÃ©dure	0
b. EXERCICE types essai Table conception rÃ©sultats	0
A T1 cÃ´tÃ© Ã©chantillon poids Type type procÃ©dure	0
T2 T2 pince poids procÃ©dure ProcÃ©dure type T1	0
bord types poids longueur bord type Type T2 Ã©chantillons	0
Table poids mm lâ T2 plastique poids plastique	0
type Type cÃ´tÃ© types ProcÃ©dure Type plastiques	0
donnÃ©es poids type rÃ©sultats essai 2B rÃ©sultats	0
poids procÃ©dure plastiques essai Type Type T1	0
essai EXERCICE cÃ´tÃ© faÃ§ons faÃ§ons conception	0
mm minutes Table EXERCICE ProcÃ©dure essai ProcÃ©dure	0
A validitÃ© lâ Ã©chantillon cÃ´tÃ© Type mm lâ pince	0
2B bord Ã©chantillons types pince poids mm pince	0
g type types ProcÃ©dure T1 minutes enquÃªte Type	0
cÃ´tÃ© essai EXERCICE table cÃ´tÃ© poids lâ bord	0
Ã©chantillon minutes plastique plastiques Type	0
essai bord Ã©chantillons procÃ©dure enquÃªte T2	0
enquÃªte enquÃªte donnÃ©es plastique fonction procÃ©dure	0
mm Ã©chantillon Ã©chantillon faÃ§ons T2 donnÃ©es	0
b. faÃ§ons plastique poids plastiques bord Table	0
mm minutes table lâ T1 Questions rÃ©sultats minutes	0
cÃ´tÃ© cÃ´tÃ© donnÃ©es minutes pince Ã©chantillons	0
D mm enquÃªte lâ minutes type conception poids	0
mm conception Ã©chantillons donnÃ©es T2 longueur	0
minutes pince validitÃ© EXERCICE cÃ´tÃ© procÃ©dure	0
Ã©chantillon types T1 essai T1 fonction enquÃªte	0
Table Type fonction validitÃ© conception b. conclusion	0
lâ longueur pince essai donnÃ©es pince poids EXERCICE	0
fonction types Table minutes rÃ©sultats Table	0
plastique fonction conclusion T1 plastique minutes	0
D EXERCICE procÃ©dure plastiques ProcÃ©dure mm	0
lâ essai donnÃ©es minutes types Type Ã©chantillons	0
T2 plastique bord Ã©chantillons Table Table pince	0
b. table type mm ProcÃ©dure conclusion pince plastique	0
cÃ´tÃ© mm Type table lâ mm enquÃªte plastiques Table	0
D plastique lâ enquÃªte procÃ©dure minutes type	0
rÃ©sultats T1 Table ProcÃ©dure lâ enquÃªte longueur	0
faÃ§ons EXERCICE type minutes EXERCICE lâ plastiques	0
conception table conclusion pince fonction validitÃ©	0
faÃ§ons conception fonction plastiques procÃ©dure	0
A mm plastique 2B b. plastique procÃ©dure b. EXERCICE	0
lâ minutes fonction 2B poids b. type procÃ©dure	0
conception Ã©chantillon fonction validitÃ© pince	0
poids donnÃ©es poids Ã©chantillon Type longueur	0
EXERCICE cÃ´tÃ© types bord longueur lâ conception	0
D mm fonction table essai conclusion Ã©chantillon	0
T2 T2 essai poids Ã©chantillon poids Questions	0
essai T2 Ã©chantillon T2 lâ Ã©chantillon type conclusion	0
D validitÃ© longueur Questions bord T1 Ã©chantillons	0
essai types plastique validitÃ© fonction b. Ã©chantillon	0
rÃ©sultats b. EXERCICE pince plastiques fonction	0
procÃ©dure table enquÃªte Ã©chantillons lâ Type	0
D b. cÃ´tÃ© plastique rÃ©sultats type Questions	0
procÃ©dure lâ T2 procÃ©dure donnÃ©es table conclusion	0
T1 types conclusion 2B Type conclusion procÃ©dure	0
procÃ©dure Ã©chantillons essai donnÃ©es T2 Table	0
2B Ã©chantillon donnÃ©es donnÃ©es b. Type Type EXERCICE	0
Type fonction conclusion Type rÃ©sultats conception	0
rÃ©sultats Ã©chantillon mm conclusion rÃ©sultats	0
2B essai longueur b. T1 validitÃ© essai rÃ©sultats	0
poids bord validitÃ© type table cÃ´tÃ© T1 poids	0
T2 essai T1 fonction faÃ§ons procÃ©dure poids bord	0
type Ã©chantillon types longueur longueur mm pince	0
cÃ´tÃ© types donnÃ©es plastique longueur Ã©chantillons	0
type validitÃ© minutes table ProcÃ©dure mm conception	0
validitÃ© minutes table pince Type validitÃ© b.	0
g enquÃªte conception EXERCICE Table poids rÃ©sultats	0
conception poids validitÃ© plastiques procÃ©dure	0
pince Ã©chantillon Ã©chantillon type Ã©chantillons	0
lâ plastique 2B ProcÃ©dure Questions Ã©chantillon	0
b. validitÃ© Questions donnÃ©es lâ minutes T2 donnÃ©es	0
conception plastique 2B essai b. cÃ´tÃ© donnÃ©es	0
2B 2B EXERCICE bord lâ poids conclusion table	0
pince faÃ§ons mm T1 table Type table conclusion	0
lâ faÃ§ons rÃ©sultats T2 conception fonction enquÃªte	0
minutes conclusion T2 conclusion pince enquÃªte	0
faÃ§ons pince Ã©chantillons essai plastique type	0
- Ã©chantillons pince T1 cÃ´tÃ© type Type plastique	0
lâ b. essai rÃ©sultats mm b. plastiques EXERCICE	0
pince fonction faÃ§ons minutes enquÃªte minutes	0
enquÃªte validitÃ© validitÃ© Questions Table essai	0
T1 lâ Type Ã©chantillon conception Ã©chantillons	0
Ã©chantillons validitÃ© types conception conception	0
bord faÃ§ons T1 validitÃ© poids 2B cÃ´tÃ© conception	0
donnÃ©es ProcÃ©dure Questions T1 faÃ§ons table Table	0
Ã©chantillons type pince cÃ´tÃ© conclusion Ã©chantillon	0
EXERCICE table longueur ProcÃ©dure lâ 2B minutes	0
b. table plastique table longueur types longueur	0
conception plastiques ProcÃ©dure fonction fonction	0
rÃ©sultats type cÃ´tÃ© longueur rÃ©sultats poids	0
Type conclusion bord faÃ§ons validitÃ© conception	0
- donnÃ©es T1 type procÃ©dure table faÃ§ons Questions	0
lâ rÃ©sultats T2 fonction type EXERCICE 2B rÃ©sultats	0
fonction procÃ©dure plastique rÃ©sultats EXERCICE	0
procÃ©dure T1 Ã©chantillons conclusion faÃ§ons Ã©chantillon	0
D minutes Questions Ã©chantillon bord conclusion	0
Ã©chantillons type faÃ§ons Ã©chantillon types Questions	0
validitÃ© T2 table faÃ§ons rÃ©sultats pince Questions	0
types donnÃ©es Ã©chantillon poids T2 cÃ´tÃ© pince	0
plastiques T2 type enquÃªte mm fonction longueur	0
conception pince Ã©chantillon types validitÃ© conception	0
Type EXERCICE plastiques types lâ faÃ§ons conclusion	0
EXERCICE pince conception conclusion 2B T2 2B	0
conception b. minutes T1 Table Ã©chantillons table	0
plastiques essai fonction mm Questions conception	0
conclusion plastiques conception plastique bord	0
T1 plastique procÃ©dure essai faÃ§ons essai types	0
plastiques fonction faÃ§ons essai essai T2 Ã©chantillons	0
T2 Ã©chantillons procÃ©dure minutes Type poids	0
Ã©chantillon procÃ©dure longueur type table EXERCICE	0
Questions types plastiques type pince T2 b. cÃ´tÃ©	0
Table T2 type fonction lâ essai longueur 2B faÃ§ons	0
validitÃ© Type bord mm donnÃ©es EXERCICE poids	0
- essai table types minutes EXERCICE fonction	0
A minutes type Questions lâ minutes types enquÃªte	0
donnÃ©es table bord mm rÃ©sultats type Ã©chantillon	0
bord procÃ©dure ProcÃ©dure pince poids b. poids	0
enquÃªte T2 plastique longueur Questions plastiques	0
essai Ã©chantillons longueur bord conception conclusion	0
Ã©chantillons types minutes pince rÃ©sultats minutes	0
longueur table minutes ProcÃ©dure enquÃªte T2 procÃ©dure	0
EXERCICE ProcÃ©dure Ã©chantillon cÃ´tÃ© procÃ©dure	0
essai donnÃ©es plastiques rÃ©sultats donnÃ©es ProcÃ©dure	0
Questions b. Ã©chantillons mm fonction table lâ	0
- Type faÃ§ons conclusion faÃ§ons poids T1 enquÃªte	0
T2 Type fonction fonction procÃ©dure Ã©chantillon	0
minutes Questions table poids procÃ©dure fonction	0
mm 2B pince conception bord pince Questions lâ	0
type pince validitÃ© EXERCICE bord EXERCICE Type	0
EXERCICE T2 type Type T1 conception fonction	0
g minutes plastique minutes conception pince	0
types type Type Questions types lâ ProcÃ©dure	0
mm essai procÃ©dure conclusion bord table EXERCICE	0
plastiques Table Ã©chantillons Type ProcÃ©dure	0
D validitÃ© Questions minutes EXERCICE T2 type	0
mm Type T1 ProcÃ©dure T2 fonction type ProcÃ©dure	0
D mm cÃ´tÃ© ProcÃ©dure cÃ´tÃ© conclusion type longueur	0
validitÃ© Ã©chantillons validitÃ© ProcÃ©dure fonction	0
validitÃ© faÃ§ons types b. table conclusion essai	0
enquÃªte fonction donnÃ©es cÃ´tÃ© Type enquÃªte conclusion	0
b. pince type pince 2B conception cÃ´tÃ© plastiques	0
plastique minutes mm validitÃ© Table b. poids	0
conception rÃ©sultats Ã©chantillon Ã©chantillon	0
Type faÃ§ons Type conclusion Questions Type faÃ§ons	0
mm donnÃ©es fonction donnÃ©es mm conclusion Type	0
Ã©chantillon Type fonction longueur Table type	0
types fonction fonction fonction pince EXERCICE	0
enquÃªte mm conception validitÃ© fonction ProcÃ©dure	0
conclusion procÃ©dure types b. faÃ§ons essai conception	0
cÃ´tÃ© minutes conception T2 plastique ProcÃ©dure	0
lâ pince b. pince T2 procÃ©dure ProcÃ©dure conception	0
2B conclusion ProcÃ©dure faÃ§ons poids procÃ©dure	0
longueur ProcÃ©dure bord Table Ã©chantillon T2	0
2B plastique 2B Table table validitÃ© EXERCICE	0
lâ ProcÃ©dure types conclusion type bord Questions	0
essai mm ProcÃ©dure types enquÃªte T2 T2 2B bord	0
rÃ©sultats procÃ©dure T2 T2 ProcÃ©dure poids conception	0
conclusion conception table mm conclusion procÃ©dure	0
b. conclusion Ã©chantillon bord procÃ©dure Ã©chantillons	0
bord Table Ã©chantillon b. validitÃ© conception	0
EXERCICE faÃ§ons EXERCICE poids Type conclusion	0
2B ProcÃ©dure poids mm ProcÃ©dure donnÃ©es faÃ§ons	0
procÃ©dure enquÃªte Questions bord mm ProcÃ©dure	0
T1 types types plastiques table ProcÃ©dure fonction	0
rÃ©sultats conclusion conclusion fonction table	0
D longueur b. conception procÃ©dure longueur Ã©chantillons	0
type type Ã©chantillons ProcÃ©dure Type Table fonction	0
mm T1 conclusion procÃ©dure faÃ§ons lâ ProcÃ©dure	0
pince procÃ©dure conception lâ T2 plastique Questions	0
longueur ProcÃ©dure pince ProcÃ©dure 2B fonction	0
Type 2B Table plastique longueur validitÃ© validitÃ©	0
longueur cÃ´tÃ© faÃ§ons Ã©chantillons cÃ´tÃ© T1 enquÃªte	0
enquÃªte b. type mm table Ã©chantillon 2B EXERCICE	0
g type Ã©chantillon Type enquÃªte faÃ§ons plastique	0
2B rÃ©sultats b. pince plastiques poids type T2	0
validitÃ© plastique rÃ©sultats lâ b. T1 donnÃ©es	0
faÃ§ons Table lâ plastique cÃ´tÃ© enquÃªte minutes	0
A table mm mm bord donnÃ©es mm essai conclusion	0
enquÃªte table donnÃ©es lâ enquÃªte 2B plastiques	0
validitÃ© Table Ã©chantillon Ã©chantillon cÃ´tÃ© procÃ©dure	0
bord plastiques lâ minutes enquÃªte table Ã©chantillons	0
lâ rÃ©sultats ProcÃ©dure validitÃ© b. T1 pince plastiques	0
enquÃªte types poids validitÃ© Table Ã©chantillon	0
bord pince Table type conception Questions conclusion	0
ProcÃ©dure plastiques T2 Questions 2B fonction	0
cÃ´tÃ© faÃ§ons Ã©chantillon plastique validitÃ© conclusion	0
g types Ã©chantillon Ã©chantillon conclusion poids	0
Ã©chantillons pince enquÃªte validitÃ© minutes mm	0
rÃ©sultats type procÃ©dure longueur longueur Table	0
poids T2 lâ enquÃªte longueur Questions bord Type	0
longueur conception plastique mm conception type	0
plastique 2B essai faÃ§ons plastiques Table donnÃ©es	0
lâ plastiques validitÃ© conception Ã©chantillons	0
table procÃ©dure lâ poids ProcÃ©dure plastique	0
poids faÃ§ons lâ table Ã©chantillons plastiques	0
poids type table essai poids lâ minutes rÃ©sultats	0
enquÃªte conception plastique pince 2B donnÃ©es	0
validitÃ© Questions essai bord Questions T1 longueur	0
2B Ã©chantillons type conclusion rÃ©sultats procÃ©dure	0
plastique T1 T1 T1 ProcÃ©dure poids T1 bord essai	0
fonction plastiques fonction b. procÃ©dure b.	0
T2 validitÃ© type Type Ã©chantillons 2B type b.	0
cÃ´tÃ© enquÃªte longueur T1 2B bord Table poids	0
enquÃªte Table bord plastique plastiques Ã©chantillons	0
- cÃ´tÃ© conception faÃ§ons enquÃªte minutes minutes	0
2B validitÃ© Type 2B ProcÃ©dure minutes conclusion	0
rÃ©sultats T1 essai poids enquÃªte validitÃ© T1	0
procÃ©dure EXERCICE pince bord T1 mm conclusion	0
plastiques longueur b. bord cÃ´tÃ© mm T1 ProcÃ©dure	0
pince table 2B ProcÃ©dure type lâ rÃ©sultats plastiques	0
D Table plastique Ã©chantillons Ã©chantillon b.	0
T2 minutes rÃ©sultats validitÃ© bord bord Ã©chantillons	0
T1 cÃ´tÃ© pince table 2B validitÃ© plastique conception	0
types mm plastiques procÃ©dure b. 2B plastiques	0
Table procÃ©dure validitÃ© plastiques donnÃ©es EXERCICE	0
Ã©chantillon minutes mm plastiques Ã©chantillon	0
g procÃ©dure mm poids types Ã©chantillons Type	0
poids lâ Questions Table T1 pince Questions T1	0
conception conception plastiques Ã©chantillon	0
T2 procÃ©dure longueur longueur rÃ©sultats donnÃ©es	0
rÃ©sultats ProcÃ©dure EXERCICE poids conception	0
type plastiques T1 pince essai Questions Type	0
plastiques type 2B enquÃªte pince EXERCICE conception	0
2B Questions poids longueur b. enquÃªte Table	0
Table ProcÃ©dure faÃ§ons plastiques faÃ§ons types	0
T1 Ã©chantillon conception Table b. faÃ§ons Type	0
pince Ã©chantillon rÃ©sultats donnÃ©es type conception	0
bord faÃ§ons conclusion Type plastique conception	0
essai table minutes essai bord bord donnÃ©es type	0
mm b. faÃ§ons T2 rÃ©sultats donnÃ©es plastiques	0
plastique rÃ©sultats poids procÃ©dure Questions	0
Table lâ essai Questions cÃ´tÃ© plastiques validitÃ©	0
fonction enquÃªte plastique Questions conclusion	0
Ã©chantillon pince Table plastique cÃ´tÃ© types	0
cÃ´tÃ© enquÃªte Ã©chantillon table Table type lâ	0
D Type longueur minutes plastiques type lâ conclusion	0
Ã©chantillon procÃ©dure conclusion minutes Table	0
lâ types plastiques type faÃ§ons pince validitÃ©	0
rÃ©sultats plastiques minutes pince EXERCICE donnÃ©es	0
minutes essai donnÃ©es 2B conclusion T1 T2 plastiques	0
faÃ§ons rÃ©sultats poids minutes types T2 longueur	0
mm mm longueur pince T1 procÃ©dure donnÃ©es Ã©chantillon	0
T1 longueur pince b. faÃ§ons pince Type rÃ©sultats	0
conception table EXERCICE T1 b. cÃ´tÃ© Ã©chantillons	0
mm rÃ©sultats bord bord T1 conception conception	0
fonction bord b. b. essai Ã©chantillon Ã©chantillons	0
Questions cÃ´tÃ© plastique bord type Type plastique	0
Ã©chantillon fonction enquÃªte Table b. bord Questions	0
mm bord Ã©chantillons procÃ©dure T2 essai poids	0
T1 table 2B table ProcÃ©dure cÃ´tÃ© pince ProcÃ©dure	0
essai faÃ§ons procÃ©dure lâ essai enquÃªte 2B essai	0
Ã©chantillon Ã©chantillons cÃ´tÃ© plastique conclusion	0
- EXERCICE table mm Ã©chantillons donnÃ©es conception	0
plastiques T1 T1 conception conception pince	0
g Type 2B Ã©chantillon donnÃ©es rÃ©sultats Table	0
enquÃªte longueur conception T1 plastique lâ Ã©chantillons	0
2B fonction mm table types donnÃ©es enquÃªte plastique	0
procÃ©dure conclusion lâ EXERCICE type b. donnÃ©es	0
Table type longueur T2 enquÃªte poids Ã©chantillons	0
validitÃ© cÃ´tÃ© bord procÃ©dure poids cÃ´tÃ© lâ T2	0
procÃ©dure pince longueur cÃ´tÃ© Type T1 fonction	0
A Type plastique EXERCICE Type bord Questions	0
type Ã©chantillon bord procÃ©dure enquÃªte EXERCICE	0
longueur lâ 2B cÃ´tÃ© donnÃ©es Table essai b. pince	0
bord 2B conception bord conception EXERCICE enquÃªte	0
table minutes Ã©chantillon type EXERCICE conception	0
g plastiques types T1 table enquÃªte plastique	0
lâ fonction type types validitÃ© conclusion conclusion	0
essai minutes type enquÃªte conclusion EXERCICE	0
essai cÃ´tÃ© conception mm bord Questions fonction	0
plastiques Ã©chantillons lâ Ã©chantillon faÃ§ons	0
plastiques type EXERCICE ProcÃ©dure faÃ§ons EXERCICE	0
poids T1 lâ poids 2B conception bord table Table	0
longueur T1 Ã©chantillons b. plastique donnÃ©es	0
longueur bord ProcÃ©dure bord validitÃ© minutes	0
D plastique mm poids faÃ§ons pince cÃ´tÃ© conclusion	0
A b. type rÃ©sultats conclusion T2 conclusion	0
D T1 cÃ´tÃ© T2 Table pince T2 mm donnÃ©es plastique	0
mm types Table Ã©chantillons enquÃªte minutes type	0
ProcÃ©dure rÃ©sultats enquÃªte cÃ´tÃ© ProcÃ©dure bord	0
- fonction plastiques minutes fonction b. Type	0
faÃ§ons Ã©chantillon essai plastiques types mm	0
g b. table T2 plastiques conclusion ProcÃ©dure	0
fonction cÃ´tÃ© minutes Questions T1 pince table	0
longueur b. Ã©chantillons Type Ã©chantillon conception	0
plastique minutes bord T2 procÃ©dure procÃ©dure	0
essai Ã©chantillons plastique T2 donnÃ©es EXERCICE	0
table mm enquÃªte conclusion enquÃªte mm conception	0
faÃ§ons poids table 2B T2 Questions faÃ§ons pince	0
T2 longueur rÃ©sultats essai poids rÃ©sultats cÃ´tÃ©	0
T2 plastique fonction T1 EXERCICE mm EXERCICE	0
donnÃ©es bord table minutes T2 poids conception	0
g EXERCICE faÃ§ons mm validitÃ© ProcÃ©dure essai	0
lâ Table mm faÃ§ons plastique poids essai pince	0
faÃ§ons plastiques T2 T2 faÃ§ons pince Type Questions	0
Ã©chantillon fonction donnÃ©es type donnÃ©es essai	0
2B essai plastique bord lâ longueur rÃ©sultats	0
g conception poids EXERCICE longueur conception	0
poids Questions conception minutes lâ minutes	0
b. Ã©chantillons longueur Ã©chantillons faÃ§ons	0
T2 procÃ©dure donnÃ©es Table b. rÃ©sultats essai	0
Ã©chantillons Questions T2 Questions pince donnÃ©es	0
fonction table 2B EXERCICE faÃ§ons mm conception	0
minutes Table enquÃªte conclusion plastiques longueur	0
faÃ§ons mm longueur 2B plastique plastiques fonction	0
T2 Type T2 validitÃ© enquÃªte Ã©chantillon T2 Type	0
validitÃ© b. bord plastique bord Type Table validitÃ©	0
conclusion rÃ©sultats table mm enquÃªte rÃ©sultats	0
A ProcÃ©dure ProcÃ©dure plastique Ã©chantillons	0
validitÃ© rÃ©sultats plastiques faÃ§ons plastique	0
A T2 conception T2 b. ProcÃ©dure Ã©chantillon conception	0
D pince Ã©chantillons procÃ©dure plastiques Ã©chantillons	0
minutes mm table conception plastiques plastiques	0
types lâ Ã©chantillons fonction Table donnÃ©es	0
g enquÃªte Questions table EXERCICE ProcÃ©dure	0
lâ donnÃ©es ProcÃ©dure poids lâ donnÃ©es pince T1	0
rÃ©sultats donnÃ©es Ã©chantillons Ã©chantillons Table	0
table minutes table validitÃ© donnÃ©es mm validitÃ©	0
ProcÃ©dure minutes cÃ´tÃ© plastique mm faÃ§ons enquÃªte	0
conclusion procÃ©dure procÃ©dure Type cÃ´tÃ© b. faÃ§ons	0
enquÃªte 2B Type pince Table mm 2B EXERCICE mm	0
minutes procÃ©dure rÃ©sultats plastique plastique	0
mm donnÃ©es b. EXERCICE donnÃ©es essai donnÃ©es	0
Type plastique donnÃ©es type mm Type validitÃ©	0
lâ 2B pince mm poids Type lâ mm types rÃ©sultats	0
pince conclusion plastiques Ã©chantillon Type	0
procÃ©dure validitÃ© donnÃ©es types poids Questions	0
minutes T1 minutes conception conception Table	0
procÃ©dure table EXERCICE longueur rÃ©sultats Ã©chantillons	0
Type EXERCICE conception bord table donnÃ©es type	0
donnÃ©es T1 procÃ©dure types 2B bord Ã©chantillons	0
types validitÃ© fonction Questions plastique plastique	0
Table EXERCICE Questions conclusion T2 fonction	0
ProcÃ©dure plastiques donnÃ©es T1 lâ Ã©chantillon	0
A Ã©chantillons poids b. poids validitÃ© rÃ©sultats	0
validitÃ© conception table b. plastique bord faÃ§ons	0
Table bord rÃ©sultats b. pince poids lâ conclusion	0
Ã©chantillons 2B minutes conception table EXERCICE	0
Type rÃ©sultats faÃ§ons b. rÃ©sultats Type Table	0
poids enquÃªte cÃ´tÃ© conclusion validitÃ© Table	0
rÃ©sultats longueur rÃ©sultats bord ProcÃ©dure minutes	0
procÃ©dure type rÃ©sultats 2B 2B Ã©chantillon poids	0
conception Questions validitÃ© bord 2B EXERCICE	0
types types types validitÃ© plastiques ProcÃ©dure	0
validitÃ© fonction ProcÃ©dure validitÃ© conception	0
D longueur cÃ´tÃ© table longueur procÃ©dure Type	0
mm Type Ã©chantillons fonction rÃ©sultats cÃ´tÃ©	0
Table b. procÃ©dure pince bord type Ã©chantillons	0
rÃ©sultats Table poids Questions Ã©chantillons	0
plastiques Table minutes b. bord Type table plastiques	0
mm essai validitÃ© poids mm enquÃªte Table T1 b.	0
Type types mm cÃ´tÃ© lâ pince procÃ©dure cÃ´tÃ© table	0
conception minutes enquÃªte validitÃ© type lâ donnÃ©es	0
Table enquÃªte mm fonction T1 enquÃªte b. donnÃ©es	0
fonction Type fonction b. 2B 2B conclusion plastique	0
conclusion Type plastiques Questions EXERCICE	0
minutes b. b. table pince conclusion EXERCICE	0
validitÃ© donnÃ©es Ã©chantillon plastiques enquÃªte	0
b. pince enquÃªte conception validitÃ© Table conclusion	0
g poids minutes table 2B faÃ§ons pince Ã©chantillon	0
T2 bord fonction Ã©chantillons Questions EXERCICE	0
conclusion b. type cÃ´tÃ© T2 Table longueur mm	0
conception Questions Ã©chantillons b. Questions	0
b. Questions T2 faÃ§ons rÃ©sultats cÃ´tÃ© fonction	0
T1 types pince Ã©chantillon Ã©chantillon longueur	0
Table poids Type rÃ©sultats T2 minutes fonction	0
Ã©chantillons enquÃªte EXERCICE pince 2B EXERCICE	0
g validitÃ© rÃ©sultats fonction lâ fonction Questions	0
ProcÃ©dure T1 procÃ©dure Table Ã©chantillon enquÃªte	0
lâ Ã©chantillon pince faÃ§ons types pince mm EXERCICE	0
g conclusion poids donnÃ©es donnÃ©es ProcÃ©dure	0
g minutes longueur T1 poids cÃ´tÃ© bord procÃ©dure	0
bord Type donnÃ©es enquÃªte procÃ©dure Questions	0
bord b. plastique longueur Ã©chantillons mm minutes	0
enquÃªte cÃ´tÃ© Type 2B conclusion conclusion fonction	0
conclusion faÃ§ons poids conception donnÃ©es 2B	0
validitÃ© cÃ´tÃ© Questions 2B table rÃ©sultats bord	0
D T1 Ã©chantillons plastique rÃ©sultats types plastiques	0
donnÃ©es bord T2 Ã©chantillon longueur essai longueur	0
types donnÃ©es plastiques Ã©chantillon plastique	0
ProcÃ©dure minutes T1 pince minutes rÃ©sultats	0
poids essai plastiques conclusion EXERCICE rÃ©sultats	0
b. poids T1 Type procÃ©dure pince lâ enquÃªte poids	0
table T2 enquÃªte enquÃªte Ã©chantillons T1 bord	0
plastiques 2B mm bord minutes conclusion EXERCICE	0
rÃ©sultats table minutes mm plastiques enquÃªte	0
pince table ProcÃ©dure Type mm enquÃªte fonction	0
enquÃªte conclusion bord poids rÃ©sultats faÃ§ons	0
A Type procÃ©dure lâ essai conception longueur	0
conclusion table EXERCICE faÃ§ons Ã©chantillon	0
table longueur T2 lâ validitÃ© minutes Questions	0
D T2 type enquÃªte procÃ©dure plastique type conclusion	0
validitÃ© donnÃ©es b. ProcÃ©dure conception types	0
conception T2 T1 conclusion faÃ§ons enquÃªte ProcÃ©dure	0
lâ Ã©chantillons cÃ´tÃ© longueur lâ fonction lâ	0
Questions 2B enquÃªte T1 Table pince types table	0
EXERCICE T2 Questions cÃ´tÃ© Table mm Ã©chantillon	0
A pince faÃ§ons essai Ã©chantillons Ã©chantillon	0
donnÃ©es plastiques fonction fonction minutes	0
Type donnÃ©es type faÃ§ons Ã©chantillon fonction	0
Ã©chantillons enquÃªte 2B b. cÃ´tÃ© Type 2B essai	0
plastique donnÃ©es donnÃ©es conception ProcÃ©dure	0
procÃ©dure conception EXERCICE T2 type Questions	0
Table essai pince type Questions plastiques validitÃ©	0
conception fonction procÃ©dure Ã©chantillon validitÃ©	0
b. T2 Questions Ã©chantillon validitÃ© conclusion	0
conclusion bord lâ bord conclusion donnÃ©es table	0
pince rÃ©sultats validitÃ© essai minutes 2B minutes	0
plastiques minutes cÃ´tÃ© conclusion rÃ©sultats	0
A Ã©chantillon mm essai ProcÃ©dure rÃ©sultats pince	0
essai procÃ©dure rÃ©sultats table conclusion T1	0
donnÃ©es enquÃªte longueur Ã©chantillons rÃ©sultats	0
donnÃ©es minutes 2B 2B plastique T2 Table Table	0
cÃ´tÃ© procÃ©dure minutes rÃ©sultats longueur types	0
procÃ©dure Table T2 table Table validitÃ© Table	0
conception cÃ´tÃ© pince donnÃ©es faÃ§ons EXERCICE	0
plastique enquÃªte essai ProcÃ©dure T1 Questions	0
donnÃ©es table lâ fonction mm faÃ§ons mm procÃ©dure	0
cÃ´tÃ© mm pince Questions rÃ©sultats Ã©chantillons	0
Ã©chantillon essai table conclusion EXERCICE T2	0
pince bord lâ type types pince types b. conclusion	0
b. cÃ´tÃ© rÃ©sultats rÃ©sultats conclusion rÃ©sultats	0
validitÃ© 2B faÃ§ons Ã©chantillon types plastique	0
validitÃ© plastique b. 2B fonction T1 plastiques	0
procÃ©dure type cÃ´tÃ© T1 ProcÃ©dure Questions b.	0
conclusion types poids pince fonction essai procÃ©dure	0
ProcÃ©dure Table table rÃ©sultats plastiques ProcÃ©dure	0
conclusion procÃ©dure mm Ã©chantillons rÃ©sultats	0
bord EXERCICE 2B cÃ´tÃ© b. Questions faÃ§ons mm	0
b. bord essai ProcÃ©dure Ã©chantillon conception	0
types enquÃªte procÃ©dure table faÃ§ons ProcÃ©dure	0
enquÃªte Type rÃ©sultats donnÃ©es conception T1	0
types procÃ©dure ProcÃ©dure table longueur T2 EXERCICE	0
conclusion types T1 minutes poids essai Ã©chantillons	0
bord lâ validitÃ© rÃ©sultats b. T2 Ã©chantillons	0
lâ T1 pince type cÃ´tÃ© 2B 2B lâ plastiques lâ	0
rÃ©sultats conception donnÃ©es EXERCICE faÃ§ons	0
pince validitÃ© conclusion rÃ©sultats essai plastique	0
minutes poids Ã©chantillons ProcÃ©dure lâ enquÃªte	0
Questions validitÃ© plastiques plastique Type	0
Questions mm faÃ§ons Table EXERCICE EXERCICE procÃ©dure	0
types validitÃ© plastiques mm essai Ã©chantillon	0
conception types minutes cÃ´tÃ© Ã©chantillons faÃ§ons	0
longueur T1 type procÃ©dure pince plastiques Questions	0
types Table 2B cÃ´tÃ© T2 cÃ´tÃ© Ã©chantillons rÃ©sultats	0
Table poids conception mm Ã©chantillons mm plastique	0
longueur rÃ©sultats Table EXERCICE fonction minutes	0
faÃ§ons mm minutes rÃ©sultats EXERCICE procÃ©dure	0
minutes pince type longueur cÃ´tÃ© table ProcÃ©dure	0
Table faÃ§ons EXERCICE essai minutes ProcÃ©dure	0
type b. faÃ§ons validitÃ© cÃ´tÃ© enquÃªte conclusion	0
Questions longueur table T1 validitÃ© pince Table	0
bord mm bord Questions poids pince poids Ã©chantillons	0
plastiques conception procÃ©dure table Type mm	0
donnÃ©es pince Ã©chantillon donnÃ©es rÃ©sultats T2	0
table Type EXERCICE Ã©chantillons table fonction	0
lâ procÃ©dure conception conclusion b. Ã©chantillon	0
Ã©chantillons donnÃ©es lâ type Ã©chantillons EXERCICE	0
Table poids fonction faÃ§ons validitÃ© Type T1	0
b. types enquÃªte b. plastique procÃ©dure types	0
T2 pince fonction b. Questions types bord Questions	0
fonction conclusion rÃ©sultats ProcÃ©dure essai	0
conception bord table poids faÃ§ons types minutes	0
Ã©chantillon Type types conclusion Type Questions	0
cÃ´tÃ© bord plastique T1 conclusion mm Table 2B	0
minutes ProcÃ©dure cÃ´tÃ© validitÃ© minutes fonction	0
essai enquÃªte longueur table enquÃªte longueur	0
poids types plastiques Type Ã©chantillons b. plastique	0
Questions types procÃ©dure minutes type essai	0
faÃ§ons table plastiques minutes Ã©chantillon Table	0
Ã©chantillon pince enquÃªte cÃ´tÃ© conception b.	0
Ã©chantillon enquÃªte conclusion EXERCICE poids	0
essai b. plastiques lâ minutes table faÃ§ons enquÃªte	0
g 2B lâ type enquÃªte essai 2B donnÃ©es T1 Table	0
validitÃ© poids enquÃªte mm enquÃªte conception	0
conclusion longueur mm procÃ©dure T2 table 2B	0
b. EXERCICE table T2 T1 b. Ã©chantillons T2 conclusion	0
essai Ã©chantillons conception Ã©chantillon table	0
A 2B Ã©chantillons ProcÃ©dure lâ validitÃ© T2 EXERCICE	0
fonction pince mm Questions 2B conclusion lâ	0
fonction ProcÃ©dure longueur b. Questions validitÃ©	0
Table ProcÃ©dure ProcÃ©dure Type Ã©chantillon rÃ©sultats	0
Type plastiques conclusion essai conclusion minutes	0
bord types types rÃ©sultats type table enquÃªte	0
poids faÃ§ons types Ã©chantillon table 2B T1 poids	0
plastique plastiques cÃ´tÃ© EXERCICE bord enquÃªte	0
ProcÃ©dure rÃ©sultats Ã©chantillon essai faÃ§ons	0
enquÃªte Ã©chantillon plastiques cÃ´tÃ© T2 T2 ProcÃ©dure	0
Table rÃ©sultats Ã©chantillons procÃ©dure Ã©chantillons	0
T2 longueur minutes plastiques longueur minutes	0
T1 Table mm Ã©chantillon poids rÃ©sultats longueur	0
types types bord mm 2B b. rÃ©sultats bord fonction	0
conception 2B fonction pince validitÃ© EXERCICE	0
fonction b. EXERCICE poids procÃ©dure plastiques	0
essai conception type table Ã©chantillons Questions	0
D procÃ©dure table cÃ´tÃ© table table enquÃªte longueur	0
plastique faÃ§ons Ã©chantillon Ã©chantillon poids	0
Ã©chantillon Questions Ã©chantillons lâ lâ lâ Ã©chantillon	0
T1 plastique essai essai poids fonction longueur	0
lâ longueur table type conclusion poids procÃ©dure	0
b. mm T2 Table faÃ§ons poids ProcÃ©dure bord Type	0
bord table table conception validitÃ© types Table	0
Ã©chantillons minutes cÃ´tÃ© longueur pince EXERCICE	0
- fonction procÃ©dure pince types donnÃ©es faÃ§ons	0
minutes plastiques conception plastiques 2B 2B	0
2B cÃ´tÃ© Ã©chantillon Table donnÃ©es conclusion	0
lâ poids conception cÃ´tÃ© pince Type validitÃ©	0
pince Ã©chantillon Questions fonction plastique	0
rÃ©sultats fonction types essai validitÃ© Table	0
conception minutes Ã©chantillon table minutes	0
types T2 2B Table bord longueur fonction donnÃ©es	0
cÃ´tÃ© type enquÃªte longueur conclusion fonction	0
plastiques essai procÃ©dure essai rÃ©sultats T2	0
bord enquÃªte essai T2 validitÃ© EXERCICE mm fonction	0
longueur lâ plastiques 2B plastique plastique	0
pince T1 Ã©chantillons bord Type cÃ´tÃ© Ã©chantillons	0
conclusion conclusion Ã©chantillons cÃ´tÃ© T2 b.	0
validitÃ© T2 validitÃ© Ã©chantillons Ã©chantillon	0
b. Table Ã©chantillon table 2B longueur types	0
b. bord plastique plastiques donnÃ©es bord essai	0
ProcÃ©dure Questions ProcÃ©dure Ã©chantillons types	0
cÃ´tÃ© b. procÃ©dure essai types ProcÃ©dure fonction	0
lâ T1 validitÃ© minutes T1 poids b. bord Ã©chantillon	0
b. conception conception bord Questions validitÃ©	0
longueur plastique mm faÃ§ons donnÃ©es longueur	0
T2 plastique poids plastique procÃ©dure cÃ´tÃ© rÃ©sultats	0
procÃ©dure type pince conception cÃ´tÃ© type rÃ©sultats	0
faÃ§ons enquÃªte Questions enquÃªte T1 plastiques	0
b. type rÃ©sultats T1 conception longueur minutes	0
plastique rÃ©sultats ProcÃ©dure types cÃ´tÃ© plastique	0
rÃ©sultats plastiques poids EXERCICE bord types	0
fonction type enquÃªte pince T2 bord 2B Ã©chantillons	0
types types 2B essai mm essai fonction conclusion	0
fonction validitÃ© bord enquÃªte poids T1 validitÃ©	0
validitÃ© bord types fonction Ã©chantillon table	0
T1 Type conclusion procÃ©dure faÃ§ons donnÃ©es Ã©chantillon	0
mm conclusion rÃ©sultats pince longueur T1 b.	0
rÃ©sultats ProcÃ©dure rÃ©sultats cÃ´tÃ© rÃ©sultats	0
Ã©chantillons essai pince type Ã©chantillon cÃ´tÃ©	0
bord Type longueur enquÃªte b. lâ Type Table rÃ©sultats	0
faÃ§ons fonction plastique type EXERCICE ProcÃ©dure	0
Type longueur pince enquÃªte ProcÃ©dure b. T2 T1	0
enquÃªte donnÃ©es 2B procÃ©dure conception ProcÃ©dure	0
2B conception 2B validitÃ© T2 plastique procÃ©dure	0
essai Questions types validitÃ© plastiques donnÃ©es	0
T2 minutes essai 2B conclusion donnÃ©es poids	0
T1 T2 enquÃªte fonction essai enquÃªte cÃ´tÃ© mm	0
procÃ©dure longueur plastique mm b. mm Ã©chantillons	0
conclusion cÃ´tÃ© enquÃªte pince cÃ´tÃ© rÃ©sultats	0
table validitÃ© rÃ©sultats plastiques plastiques	0
Questions Questions conclusion plastique Table	0
T1 Ã©chantillon b. T2 faÃ§ons pince procÃ©dure lâ	0
plastiques Ã©chantillons plastiques Table donnÃ©es	0
type T2 plastique enquÃªte bord pince minutes	0
fonction faÃ§ons Ã©chantillon table plastiques	0
fonction rÃ©sultats lâ enquÃªte T2 types 2B fonction	0
Questions mm validitÃ© enquÃªte Type EXERCICE ProcÃ©dure	0
EXERCICE essai minutes plastiques fonction ProcÃ©dure	0
A Type conception donnÃ©es bord ProcÃ©dure procÃ©dure	0
conclusion Ã©chantillons enquÃªte b. procÃ©dure	0
EXERCICE validitÃ© types type plastique table	0
Ã©chantillon Questions cÃ´tÃ© 2B Table type Table	0
cÃ´tÃ© cÃ´tÃ© rÃ©sultats Questions poids enquÃªte mm	0
rÃ©sultats lâ Type poids 2B Type donnÃ©es 2B rÃ©sultats	0
ProcÃ©dure type T1 donnÃ©es faÃ§ons rÃ©sultats ProcÃ©dure	0
type cÃ´tÃ© ProcÃ©dure table fonction EXERCICE plastique	0
T1 cÃ´tÃ© types Ã©chantillons type mm donnÃ©es conception	0
pince pince table T1 Questions T1 conception	0
table T2 type minutes Ã©chantillon 2B b. lâ Ã©chantillons	0
- conception Questions faÃ§ons bord EXERCICE lâ	0
2B Questions Table minutes T1 validitÃ© Ã©chantillons	0
T1 T2 Table longueur Table plastiques mm Table	0
fonction mm cÃ´tÃ© pince type ProcÃ©dure b. plastiques	0
faÃ§ons ProcÃ©dure minutes types plastiques enquÃªte	0
faÃ§ons table mm Ã©chantillons pince conception	0
ProcÃ©dure conception faÃ§ons faÃ§ons Type Type	0
D longueur Ã©chantillons plastique bord Table	0
essai b. bord longueur bord procÃ©dure Ã©chantillon	0
types b. conception pince ProcÃ©dure T2 2B conception	0
ProcÃ©dure T1 enquÃªte ProcÃ©dure lâ faÃ§ons Ã©chantillons	0
poids Type rÃ©sultats rÃ©sultats mm Type cÃ´tÃ© longueur	0
plastiques lâ procÃ©dure types minutes Table b.	0
D fonction types table pince table lâ bord Table	0
fonction mm 2B types enquÃªte Ã©chantillon essai	0
Ã©chantillons procÃ©dure type bord Type ProcÃ©dure	0
fonction bord Ã©chantillon validitÃ© mm T1 Type	0
Type conclusion donnÃ©es lâ poids rÃ©sultats rÃ©sultats	0
plastique fonction cÃ´tÃ© procÃ©dure EXERCICE rÃ©sultats	0
D Questions b. procÃ©dure plastique conception	0
faÃ§ons Ã©chantillons Table EXERCICE Type lâ Questions	0
Table Table procÃ©dure Table Ã©chantillons donnÃ©es	0
cÃ´tÃ© plastiques lâ Questions enquÃªte enquÃªte	0
faÃ§ons essai rÃ©sultats Type fonction mm donnÃ©es	0
Table mm EXERCICE Ã©chantillons mm plastique 2B	0
enquÃªte plastiques procÃ©dure lâ minutes procÃ©dure	0
cÃ´tÃ© cÃ´tÃ© EXERCICE enquÃªte 2B T2 Ã©chantillon	0
Ã©chantillon essai pince Ã©chantillons type essai	0
minutes Table Questions donnÃ©es type Ã©chantillons	0
donnÃ©es EXERCICE fonction Ã©chantillons pince	0
2B essai b. type 2B table plastique enquÃªte T2	0
donnÃ©es 2B conclusion Type T2 plastique Questions	0
Questions ProcÃ©dure procÃ©dure essai T2 Questions	0
bord T2 conception Ã©chantillon table bord rÃ©sultats	0
poids faÃ§ons plastiques type lâ conception ProcÃ©dure	0
cÃ´tÃ© procÃ©dure EXERCICE rÃ©sultats types T2 longueur	0
poids minutes plastiques cÃ´tÃ© b. rÃ©sultats lâ	0
fonction rÃ©sultats T2 T1 Table lâ faÃ§ons T2 minutes	0
rÃ©sultats Table table poids 2B poids T1 validitÃ©	0
